--
-- PostgreSQL database dump
--

-- Dumped from database version 14.17 (Homebrew)
-- Dumped by pg_dump version 14.17 (Homebrew)

SET statement_timeout = 0;
SET lock_timeout = 0;
SET idle_in_transaction_session_timeout = 0;
SET client_encoding = 'UTF8';
SET standard_conforming_strings = on;
SELECT pg_catalog.set_config('search_path', '', false);
SET check_function_bodies = false;
SET xmloption = content;
SET client_min_messages = warning;
SET row_security = off;

SET default_tablespace = '';

SET default_table_access_method = heap;

--
-- Name: auth_group; Type: TABLE; Schema: public; Owner: offer_user
--

CREATE TABLE public.auth_group (
    id integer NOT NULL,
    name character varying(150) NOT NULL
);


ALTER TABLE public.auth_group OWNER TO offer_user;

--
-- Name: auth_group_id_seq; Type: SEQUENCE; Schema: public; Owner: offer_user
--

ALTER TABLE public.auth_group ALTER COLUMN id ADD GENERATED BY DEFAULT AS IDENTITY (
    SEQUENCE NAME public.auth_group_id_seq
    START WITH 1
    INCREMENT BY 1
    NO MINVALUE
    NO MAXVALUE
    CACHE 1
);


--
-- Name: auth_group_permissions; Type: TABLE; Schema: public; Owner: offer_user
--

CREATE TABLE public.auth_group_permissions (
    id bigint NOT NULL,
    group_id integer NOT NULL,
    permission_id integer NOT NULL
);


ALTER TABLE public.auth_group_permissions OWNER TO offer_user;

--
-- Name: auth_group_permissions_id_seq; Type: SEQUENCE; Schema: public; Owner: offer_user
--

ALTER TABLE public.auth_group_permissions ALTER COLUMN id ADD GENERATED BY DEFAULT AS IDENTITY (
    SEQUENCE NAME public.auth_group_permissions_id_seq
    START WITH 1
    INCREMENT BY 1
    NO MINVALUE
    NO MAXVALUE
    CACHE 1
);


--
-- Name: auth_permission; Type: TABLE; Schema: public; Owner: offer_user
--

CREATE TABLE public.auth_permission (
    id integer NOT NULL,
    name character varying(255) NOT NULL,
    content_type_id integer NOT NULL,
    codename character varying(100) NOT NULL
);


ALTER TABLE public.auth_permission OWNER TO offer_user;

--
-- Name: auth_permission_id_seq; Type: SEQUENCE; Schema: public; Owner: offer_user
--

ALTER TABLE public.auth_permission ALTER COLUMN id ADD GENERATED BY DEFAULT AS IDENTITY (
    SEQUENCE NAME public.auth_permission_id_seq
    START WITH 1
    INCREMENT BY 1
    NO MINVALUE
    NO MAXVALUE
    CACHE 1
);


--
-- Name: cart_cart; Type: TABLE; Schema: public; Owner: offer_user
--

CREATE TABLE public.cart_cart (
    id bigint NOT NULL,
    session_id character varying(255),
    created_at timestamp with time zone NOT NULL,
    user_id bigint
);


ALTER TABLE public.cart_cart OWNER TO offer_user;

--
-- Name: cart_cart_id_seq; Type: SEQUENCE; Schema: public; Owner: offer_user
--

ALTER TABLE public.cart_cart ALTER COLUMN id ADD GENERATED BY DEFAULT AS IDENTITY (
    SEQUENCE NAME public.cart_cart_id_seq
    START WITH 1
    INCREMENT BY 1
    NO MINVALUE
    NO MAXVALUE
    CACHE 1
);


--
-- Name: cart_cartitem; Type: TABLE; Schema: public; Owner: offer_user
--

CREATE TABLE public.cart_cartitem (
    id bigint NOT NULL,
    purchase_type character varying(10) NOT NULL,
    quantity integer NOT NULL,
    cart_id bigint NOT NULL,
    product_variation_id bigint,
    product_id bigint,
    CONSTRAINT cart_cartitem_quantity_check CHECK ((quantity >= 0))
);


ALTER TABLE public.cart_cartitem OWNER TO offer_user;

--
-- Name: cart_cartitem_id_seq; Type: SEQUENCE; Schema: public; Owner: offer_user
--

ALTER TABLE public.cart_cartitem ALTER COLUMN id ADD GENERATED BY DEFAULT AS IDENTITY (
    SEQUENCE NAME public.cart_cartitem_id_seq
    START WITH 1
    INCREMENT BY 1
    NO MINVALUE
    NO MAXVALUE
    CACHE 1
);


--
-- Name: django_admin_log; Type: TABLE; Schema: public; Owner: offer_user
--

CREATE TABLE public.django_admin_log (
    id integer NOT NULL,
    action_time timestamp with time zone NOT NULL,
    object_id text,
    object_repr character varying(200) NOT NULL,
    action_flag smallint NOT NULL,
    change_message text NOT NULL,
    content_type_id integer,
    user_id bigint NOT NULL,
    CONSTRAINT django_admin_log_action_flag_check CHECK ((action_flag >= 0))
);


ALTER TABLE public.django_admin_log OWNER TO offer_user;

--
-- Name: django_admin_log_id_seq; Type: SEQUENCE; Schema: public; Owner: offer_user
--

ALTER TABLE public.django_admin_log ALTER COLUMN id ADD GENERATED BY DEFAULT AS IDENTITY (
    SEQUENCE NAME public.django_admin_log_id_seq
    START WITH 1
    INCREMENT BY 1
    NO MINVALUE
    NO MAXVALUE
    CACHE 1
);


--
-- Name: django_content_type; Type: TABLE; Schema: public; Owner: offer_user
--

CREATE TABLE public.django_content_type (
    id integer NOT NULL,
    app_label character varying(100) NOT NULL,
    model character varying(100) NOT NULL
);


ALTER TABLE public.django_content_type OWNER TO offer_user;

--
-- Name: django_content_type_id_seq; Type: SEQUENCE; Schema: public; Owner: offer_user
--

ALTER TABLE public.django_content_type ALTER COLUMN id ADD GENERATED BY DEFAULT AS IDENTITY (
    SEQUENCE NAME public.django_content_type_id_seq
    START WITH 1
    INCREMENT BY 1
    NO MINVALUE
    NO MAXVALUE
    CACHE 1
);


--
-- Name: django_migrations; Type: TABLE; Schema: public; Owner: offer_user
--

CREATE TABLE public.django_migrations (
    id bigint NOT NULL,
    app character varying(255) NOT NULL,
    name character varying(255) NOT NULL,
    applied timestamp with time zone NOT NULL
);


ALTER TABLE public.django_migrations OWNER TO offer_user;

--
-- Name: django_migrations_id_seq; Type: SEQUENCE; Schema: public; Owner: offer_user
--

ALTER TABLE public.django_migrations ALTER COLUMN id ADD GENERATED BY DEFAULT AS IDENTITY (
    SEQUENCE NAME public.django_migrations_id_seq
    START WITH 1
    INCREMENT BY 1
    NO MINVALUE
    NO MAXVALUE
    CACHE 1
);


--
-- Name: django_session; Type: TABLE; Schema: public; Owner: offer_user
--

CREATE TABLE public.django_session (
    session_key character varying(40) NOT NULL,
    session_data text NOT NULL,
    expire_date timestamp with time zone NOT NULL
);


ALTER TABLE public.django_session OWNER TO offer_user;

--
-- Name: orders_order; Type: TABLE; Schema: public; Owner: offer_user
--

CREATE TABLE public.orders_order (
    id bigint NOT NULL,
    order_id uuid NOT NULL,
    paypal_order_id character varying(50),
    first_name character varying(100) NOT NULL,
    last_name character varying(100) NOT NULL,
    company_name character varying(255),
    country character varying(100) NOT NULL,
    address1 character varying(255) NOT NULL,
    address2 character varying(255),
    city character varying(100) NOT NULL,
    state character varying(100) NOT NULL,
    zip_code character varying(20) NOT NULL,
    phone character varying(20) NOT NULL,
    email character varying(254) NOT NULL,
    order_notes text,
    subtotal numeric(10,2) NOT NULL,
    tax_amount numeric(10,2) NOT NULL,
    total_price numeric(10,2) NOT NULL,
    payment_method character varying(20) NOT NULL,
    status character varying(20) NOT NULL,
    created_at timestamp with time zone NOT NULL,
    updated_at timestamp with time zone NOT NULL,
    user_id bigint NOT NULL,
    paypal_capture_id character varying(50),
    fulfillment_method character varying(20) NOT NULL,
    shipping_address1 character varying(255),
    shipping_address2 character varying(255),
    shipping_city character varying(100),
    shipping_company character varying(255),
    shipping_cost numeric(10,2) NOT NULL,
    shipping_email character varying(254),
    shipping_first_name character varying(100),
    shipping_last_name character varying(100),
    shipping_phone character varying(20),
    shipping_state character varying(100),
    shipping_zip_code character varying(20)
);


ALTER TABLE public.orders_order OWNER TO offer_user;

--
-- Name: orders_order_id_seq; Type: SEQUENCE; Schema: public; Owner: offer_user
--

ALTER TABLE public.orders_order ALTER COLUMN id ADD GENERATED BY DEFAULT AS IDENTITY (
    SEQUENCE NAME public.orders_order_id_seq
    START WITH 1
    INCREMENT BY 1
    NO MINVALUE
    NO MAXVALUE
    CACHE 1
);


--
-- Name: orders_orderitem; Type: TABLE; Schema: public; Owner: offer_user
--

CREATE TABLE public.orders_orderitem (
    id bigint NOT NULL,
    purchase_type character varying(10) NOT NULL,
    quantity integer NOT NULL,
    price numeric(10,2) NOT NULL,
    total_price numeric(10,2) NOT NULL,
    order_id bigint NOT NULL,
    product_variation_id bigint,
    is_refundable boolean NOT NULL,
    refunded_quantity integer NOT NULL,
    product_id bigint,
    CONSTRAINT orders_orderitem_quantity_check CHECK ((quantity >= 0)),
    CONSTRAINT orders_orderitem_refunded_quantity_check CHECK ((refunded_quantity >= 0))
);


ALTER TABLE public.orders_orderitem OWNER TO offer_user;

--
-- Name: orders_orderitem_id_seq; Type: SEQUENCE; Schema: public; Owner: offer_user
--

ALTER TABLE public.orders_orderitem ALTER COLUMN id ADD GENERATED BY DEFAULT AS IDENTITY (
    SEQUENCE NAME public.orders_orderitem_id_seq
    START WITH 1
    INCREMENT BY 1
    NO MINVALUE
    NO MAXVALUE
    CACHE 1
);


--
-- Name: orders_refundmedia; Type: TABLE; Schema: public; Owner: offer_user
--

CREATE TABLE public.orders_refundmedia (
    id bigint NOT NULL,
    media_file character varying(100) NOT NULL,
    refund_request_id bigint NOT NULL,
    uploaded_at timestamp with time zone NOT NULL
);


ALTER TABLE public.orders_refundmedia OWNER TO offer_user;

--
-- Name: orders_refundmedia_id_seq; Type: SEQUENCE; Schema: public; Owner: offer_user
--

ALTER TABLE public.orders_refundmedia ALTER COLUMN id ADD GENERATED BY DEFAULT AS IDENTITY (
    SEQUENCE NAME public.orders_refundmedia_id_seq
    START WITH 1
    INCREMENT BY 1
    NO MINVALUE
    NO MAXVALUE
    CACHE 1
);


--
-- Name: orders_refundrequest; Type: TABLE; Schema: public; Owner: offer_user
--

CREATE TABLE public.orders_refundrequest (
    id bigint NOT NULL,
    quantity integer NOT NULL,
    refund_reason character varying(50) NOT NULL,
    additional_comments text,
    restocking_fee_percentage numeric(5,2) NOT NULL,
    refund_amount numeric(10,2),
    status character varying(20) NOT NULL,
    admin_response text,
    requested_at timestamp with time zone NOT NULL,
    updated_at timestamp with time zone NOT NULL,
    order_id bigint NOT NULL,
    order_item_id bigint NOT NULL,
    user_id bigint NOT NULL,
    paypal_refund_id character varying(50),
    CONSTRAINT orders_refundrequest_quantity_check CHECK ((quantity >= 0))
);


ALTER TABLE public.orders_refundrequest OWNER TO offer_user;

--
-- Name: orders_refundrequest_id_seq; Type: SEQUENCE; Schema: public; Owner: offer_user
--

ALTER TABLE public.orders_refundrequest ALTER COLUMN id ADD GENERATED BY DEFAULT AS IDENTITY (
    SEQUENCE NAME public.orders_refundrequest_id_seq
    START WITH 1
    INCREMENT BY 1
    NO MINVALUE
    NO MAXVALUE
    CACHE 1
);


--
-- Name: paypal_ipn; Type: TABLE; Schema: public; Owner: offer_user
--

CREATE TABLE public.paypal_ipn (
    id bigint NOT NULL,
    business character varying(127) NOT NULL,
    charset character varying(255) NOT NULL,
    custom character varying(256) NOT NULL,
    notify_version numeric(64,2),
    parent_txn_id character varying(19) NOT NULL,
    receiver_email character varying(254) NOT NULL,
    receiver_id character varying(255) NOT NULL,
    residence_country character varying(2) NOT NULL,
    test_ipn boolean NOT NULL,
    txn_id character varying(255) NOT NULL,
    txn_type character varying(255) NOT NULL,
    verify_sign character varying(255) NOT NULL,
    address_country character varying(64) NOT NULL,
    address_city character varying(40) NOT NULL,
    address_country_code character varying(64) NOT NULL,
    address_name character varying(128) NOT NULL,
    address_state character varying(40) NOT NULL,
    address_status character varying(255) NOT NULL,
    address_street character varying(200) NOT NULL,
    address_zip character varying(20) NOT NULL,
    contact_phone character varying(20) NOT NULL,
    first_name character varying(64) NOT NULL,
    last_name character varying(64) NOT NULL,
    payer_business_name character varying(127) NOT NULL,
    payer_email character varying(127) NOT NULL,
    payer_id character varying(13) NOT NULL,
    auth_amount numeric(64,2),
    auth_exp character varying(28) NOT NULL,
    auth_id character varying(19) NOT NULL,
    auth_status character varying(255) NOT NULL,
    exchange_rate numeric(64,16),
    invoice character varying(127) NOT NULL,
    item_name character varying(127) NOT NULL,
    item_number character varying(127) NOT NULL,
    mc_currency character varying(32) NOT NULL,
    mc_fee numeric(64,2),
    mc_gross numeric(64,2),
    mc_handling numeric(64,2),
    mc_shipping numeric(64,2),
    memo character varying(255) NOT NULL,
    num_cart_items integer,
    option_name1 character varying(64) NOT NULL,
    option_name2 character varying(64) NOT NULL,
    payer_status character varying(255) NOT NULL,
    payment_date timestamp with time zone,
    payment_gross numeric(64,2),
    payment_status character varying(255) NOT NULL,
    payment_type character varying(255) NOT NULL,
    pending_reason character varying(255) NOT NULL,
    protection_eligibility character varying(255) NOT NULL,
    quantity integer,
    reason_code character varying(255) NOT NULL,
    remaining_settle numeric(64,2),
    settle_amount numeric(64,2),
    settle_currency character varying(32) NOT NULL,
    shipping numeric(64,2),
    shipping_method character varying(255) NOT NULL,
    tax numeric(64,2),
    transaction_entity character varying(255) NOT NULL,
    auction_buyer_id character varying(64) NOT NULL,
    auction_closing_date timestamp with time zone,
    auction_multi_item integer,
    for_auction numeric(64,2),
    amount numeric(64,2),
    amount_per_cycle numeric(64,2),
    initial_payment_amount numeric(64,2),
    next_payment_date timestamp with time zone,
    outstanding_balance numeric(64,2),
    payment_cycle character varying(255) NOT NULL,
    period_type character varying(255) NOT NULL,
    product_name character varying(255) NOT NULL,
    product_type character varying(255) NOT NULL,
    profile_status character varying(255) NOT NULL,
    recurring_payment_id character varying(255) NOT NULL,
    rp_invoice_id character varying(127) NOT NULL,
    time_created timestamp with time zone,
    amount1 numeric(64,2),
    amount2 numeric(64,2),
    amount3 numeric(64,2),
    mc_amount1 numeric(64,2),
    mc_amount2 numeric(64,2),
    mc_amount3 numeric(64,2),
    password character varying(24) NOT NULL,
    period1 character varying(255) NOT NULL,
    period2 character varying(255) NOT NULL,
    period3 character varying(255) NOT NULL,
    reattempt character varying(1) NOT NULL,
    recur_times integer,
    recurring character varying(1) NOT NULL,
    retry_at timestamp with time zone,
    subscr_date timestamp with time zone,
    subscr_effective timestamp with time zone,
    subscr_id character varying(19) NOT NULL,
    username character varying(64) NOT NULL,
    case_creation_date timestamp with time zone,
    case_id character varying(255) NOT NULL,
    case_type character varying(255) NOT NULL,
    receipt_id character varying(255) NOT NULL,
    currency_code character varying(32) NOT NULL,
    handling_amount numeric(64,2),
    transaction_subject character varying(256) NOT NULL,
    ipaddress inet,
    flag boolean NOT NULL,
    flag_code character varying(16) NOT NULL,
    flag_info text NOT NULL,
    query text NOT NULL,
    response text NOT NULL,
    created_at timestamp with time zone NOT NULL,
    updated_at timestamp with time zone NOT NULL,
    from_view character varying(6),
    mp_id character varying(128),
    option_selection1 character varying(200) NOT NULL,
    option_selection2 character varying(200) NOT NULL
);


ALTER TABLE public.paypal_ipn OWNER TO offer_user;

--
-- Name: paypal_ipn_id_seq; Type: SEQUENCE; Schema: public; Owner: offer_user
--

ALTER TABLE public.paypal_ipn ALTER COLUMN id ADD GENERATED BY DEFAULT AS IDENTITY (
    SEQUENCE NAME public.paypal_ipn_id_seq
    START WITH 1
    INCREMENT BY 1
    NO MINVALUE
    NO MAXVALUE
    CACHE 1
);


--
-- Name: store_boxsize; Type: TABLE; Schema: public; Owner: offer_user
--

CREATE TABLE public.store_boxsize (
    id bigint NOT NULL,
    name character varying(50) NOT NULL,
    max_weight numeric(6,2) NOT NULL,
    length numeric(6,2) NOT NULL,
    width numeric(6,2) NOT NULL,
    height numeric(6,2) NOT NULL
);


ALTER TABLE public.store_boxsize OWNER TO offer_user;

--
-- Name: store_boxsize_id_seq; Type: SEQUENCE; Schema: public; Owner: offer_user
--

ALTER TABLE public.store_boxsize ALTER COLUMN id ADD GENERATED BY DEFAULT AS IDENTITY (
    SEQUENCE NAME public.store_boxsize_id_seq
    START WITH 1
    INCREMENT BY 1
    NO MINVALUE
    NO MAXVALUE
    CACHE 1
);


--
-- Name: store_brand; Type: TABLE; Schema: public; Owner: offer_user
--

CREATE TABLE public.store_brand (
    id bigint NOT NULL,
    name character varying(255) NOT NULL,
    image character varying(100),
    is_new boolean NOT NULL
);


ALTER TABLE public.store_brand OWNER TO offer_user;

--
-- Name: store_brand_id_seq; Type: SEQUENCE; Schema: public; Owner: offer_user
--

ALTER TABLE public.store_brand ALTER COLUMN id ADD GENERATED BY DEFAULT AS IDENTITY (
    SEQUENCE NAME public.store_brand_id_seq
    START WITH 1
    INCREMENT BY 1
    NO MINVALUE
    NO MAXVALUE
    CACHE 1
);


--
-- Name: store_category; Type: TABLE; Schema: public; Owner: offer_user
--

CREATE TABLE public.store_category (
    id bigint NOT NULL,
    name character varying(255) NOT NULL,
    slug character varying(50),
    image character varying(100),
    lft integer NOT NULL,
    rght integer NOT NULL,
    tree_id integer NOT NULL,
    level integer NOT NULL,
    parent_id bigint,
    CONSTRAINT store_category_level_check CHECK ((level >= 0)),
    CONSTRAINT store_category_lft_check CHECK ((lft >= 0)),
    CONSTRAINT store_category_rght_check CHECK ((rght >= 0)),
    CONSTRAINT store_category_tree_id_check CHECK ((tree_id >= 0))
);


ALTER TABLE public.store_category OWNER TO offer_user;

--
-- Name: store_category_id_seq; Type: SEQUENCE; Schema: public; Owner: offer_user
--

ALTER TABLE public.store_category ALTER COLUMN id ADD GENERATED BY DEFAULT AS IDENTITY (
    SEQUENCE NAME public.store_category_id_seq
    START WITH 1
    INCREMENT BY 1
    NO MINVALUE
    NO MAXVALUE
    CACHE 1
);


--
-- Name: store_pricelist; Type: TABLE; Schema: public; Owner: offer_user
--

CREATE TABLE public.store_pricelist (
    id bigint NOT NULL,
    name character varying(255) NOT NULL
);


ALTER TABLE public.store_pricelist OWNER TO offer_user;

--
-- Name: store_pricelist_id_seq; Type: SEQUENCE; Schema: public; Owner: offer_user
--

ALTER TABLE public.store_pricelist ALTER COLUMN id ADD GENERATED BY DEFAULT AS IDENTITY (
    SEQUENCE NAME public.store_pricelist_id_seq
    START WITH 1
    INCREMENT BY 1
    NO MINVALUE
    NO MAXVALUE
    CACHE 1
);


--
-- Name: store_pricelist_product_variations; Type: TABLE; Schema: public; Owner: offer_user
--

CREATE TABLE public.store_pricelist_product_variations (
    id bigint NOT NULL,
    pricelist_id bigint NOT NULL,
    productvariation_id bigint NOT NULL
);


ALTER TABLE public.store_pricelist_product_variations OWNER TO offer_user;

--
-- Name: store_pricelist_product_variations_id_seq; Type: SEQUENCE; Schema: public; Owner: offer_user
--

ALTER TABLE public.store_pricelist_product_variations ALTER COLUMN id ADD GENERATED BY DEFAULT AS IDENTITY (
    SEQUENCE NAME public.store_pricelist_product_variations_id_seq
    START WITH 1
    INCREMENT BY 1
    NO MINVALUE
    NO MAXVALUE
    CACHE 1
);


--
-- Name: store_pricelist_products; Type: TABLE; Schema: public; Owner: offer_user
--

CREATE TABLE public.store_pricelist_products (
    id bigint NOT NULL,
    pricelist_id bigint NOT NULL,
    product_id bigint NOT NULL
);


ALTER TABLE public.store_pricelist_products OWNER TO offer_user;

--
-- Name: store_pricelist_products_id_seq; Type: SEQUENCE; Schema: public; Owner: offer_user
--

ALTER TABLE public.store_pricelist_products ALTER COLUMN id ADD GENERATED BY DEFAULT AS IDENTITY (
    SEQUENCE NAME public.store_pricelist_products_id_seq
    START WITH 1
    INCREMENT BY 1
    NO MINVALUE
    NO MAXVALUE
    CACHE 1
);


--
-- Name: store_pricerule; Type: TABLE; Schema: public; Owner: offer_user
--

CREATE TABLE public.store_pricerule (
    id bigint NOT NULL,
    name character varying(255) NOT NULL,
    customer_type character varying(10) NOT NULL,
    discount_percentage numeric(5,2) NOT NULL,
    apply_to_price_list_id bigint
);


ALTER TABLE public.store_pricerule OWNER TO offer_user;

--
-- Name: store_pricerule_apply_to_categories; Type: TABLE; Schema: public; Owner: offer_user
--

CREATE TABLE public.store_pricerule_apply_to_categories (
    id bigint NOT NULL,
    pricerule_id bigint NOT NULL,
    category_id bigint NOT NULL
);


ALTER TABLE public.store_pricerule_apply_to_categories OWNER TO offer_user;

--
-- Name: store_pricerule_apply_to_categories_id_seq; Type: SEQUENCE; Schema: public; Owner: offer_user
--

ALTER TABLE public.store_pricerule_apply_to_categories ALTER COLUMN id ADD GENERATED BY DEFAULT AS IDENTITY (
    SEQUENCE NAME public.store_pricerule_apply_to_categories_id_seq
    START WITH 1
    INCREMENT BY 1
    NO MINVALUE
    NO MAXVALUE
    CACHE 1
);


--
-- Name: store_pricerule_apply_to_products; Type: TABLE; Schema: public; Owner: offer_user
--

CREATE TABLE public.store_pricerule_apply_to_products (
    id bigint NOT NULL,
    pricerule_id bigint NOT NULL,
    product_id bigint NOT NULL
);


ALTER TABLE public.store_pricerule_apply_to_products OWNER TO offer_user;

--
-- Name: store_pricerule_apply_to_products_id_seq; Type: SEQUENCE; Schema: public; Owner: offer_user
--

ALTER TABLE public.store_pricerule_apply_to_products ALTER COLUMN id ADD GENERATED BY DEFAULT AS IDENTITY (
    SEQUENCE NAME public.store_pricerule_apply_to_products_id_seq
    START WITH 1
    INCREMENT BY 1
    NO MINVALUE
    NO MAXVALUE
    CACHE 1
);


--
-- Name: store_pricerule_apply_to_subcategories; Type: TABLE; Schema: public; Owner: offer_user
--

CREATE TABLE public.store_pricerule_apply_to_subcategories (
    id bigint NOT NULL,
    pricerule_id bigint NOT NULL,
    subcategory_id bigint NOT NULL
);


ALTER TABLE public.store_pricerule_apply_to_subcategories OWNER TO offer_user;

--
-- Name: store_pricerule_apply_to_subcategories_id_seq; Type: SEQUENCE; Schema: public; Owner: offer_user
--

ALTER TABLE public.store_pricerule_apply_to_subcategories ALTER COLUMN id ADD GENERATED BY DEFAULT AS IDENTITY (
    SEQUENCE NAME public.store_pricerule_apply_to_subcategories_id_seq
    START WITH 1
    INCREMENT BY 1
    NO MINVALUE
    NO MAXVALUE
    CACHE 1
);


--
-- Name: store_pricerule_apply_to_variations; Type: TABLE; Schema: public; Owner: offer_user
--

CREATE TABLE public.store_pricerule_apply_to_variations (
    id bigint NOT NULL,
    pricerule_id bigint NOT NULL,
    productvariation_id bigint NOT NULL
);


ALTER TABLE public.store_pricerule_apply_to_variations OWNER TO offer_user;

--
-- Name: store_pricerule_apply_to_variations_id_seq; Type: SEQUENCE; Schema: public; Owner: offer_user
--

ALTER TABLE public.store_pricerule_apply_to_variations ALTER COLUMN id ADD GENERATED BY DEFAULT AS IDENTITY (
    SEQUENCE NAME public.store_pricerule_apply_to_variations_id_seq
    START WITH 1
    INCREMENT BY 1
    NO MINVALUE
    NO MAXVALUE
    CACHE 1
);


--
-- Name: store_pricerule_exclude_products; Type: TABLE; Schema: public; Owner: offer_user
--

CREATE TABLE public.store_pricerule_exclude_products (
    id bigint NOT NULL,
    pricerule_id bigint NOT NULL,
    product_id bigint NOT NULL
);


ALTER TABLE public.store_pricerule_exclude_products OWNER TO offer_user;

--
-- Name: store_pricerule_exclude_products_id_seq; Type: SEQUENCE; Schema: public; Owner: offer_user
--

ALTER TABLE public.store_pricerule_exclude_products ALTER COLUMN id ADD GENERATED BY DEFAULT AS IDENTITY (
    SEQUENCE NAME public.store_pricerule_exclude_products_id_seq
    START WITH 1
    INCREMENT BY 1
    NO MINVALUE
    NO MAXVALUE
    CACHE 1
);


--
-- Name: store_pricerule_exclude_variations; Type: TABLE; Schema: public; Owner: offer_user
--

CREATE TABLE public.store_pricerule_exclude_variations (
    id bigint NOT NULL,
    pricerule_id bigint NOT NULL,
    productvariation_id bigint NOT NULL
);


ALTER TABLE public.store_pricerule_exclude_variations OWNER TO offer_user;

--
-- Name: store_pricerule_exclude_variations_id_seq; Type: SEQUENCE; Schema: public; Owner: offer_user
--

ALTER TABLE public.store_pricerule_exclude_variations ALTER COLUMN id ADD GENERATED BY DEFAULT AS IDENTITY (
    SEQUENCE NAME public.store_pricerule_exclude_variations_id_seq
    START WITH 1
    INCREMENT BY 1
    NO MINVALUE
    NO MAXVALUE
    CACHE 1
);


--
-- Name: store_pricerule_id_seq; Type: SEQUENCE; Schema: public; Owner: offer_user
--

ALTER TABLE public.store_pricerule ALTER COLUMN id ADD GENERATED BY DEFAULT AS IDENTITY (
    SEQUENCE NAME public.store_pricerule_id_seq
    START WITH 1
    INCREMENT BY 1
    NO MINVALUE
    NO MAXVALUE
    CACHE 1
);


--
-- Name: store_product; Type: TABLE; Schema: public; Owner: offer_user
--

CREATE TABLE public.store_product (
    id bigint NOT NULL,
    name character varying(255) NOT NULL,
    slug character varying(50) NOT NULL,
    description text NOT NULL,
    image character varying(100),
    price numeric(10,2) NOT NULL,
    discount_price numeric(10,2),
    default_cost numeric(10,2),
    online_price numeric(10,2),
    quantity integer NOT NULL,
    quantity_history jsonb NOT NULL,
    system_id character varying(20) NOT NULL,
    ean character varying(13),
    upc character varying(12),
    custom_sku character varying(50),
    publish_to_ecommerce boolean NOT NULL,
    options jsonb NOT NULL,
    rating double precision NOT NULL,
    trending boolean NOT NULL,
    best_selling boolean NOT NULL,
    most_popular boolean NOT NULL,
    just_arrived boolean NOT NULL,
    brand_id bigint,
    category_id bigint NOT NULL,
    subcategory_id bigint,
    vendor_id bigint,
    is_refundable boolean NOT NULL,
    height numeric(6,2) NOT NULL,
    length numeric(6,2) NOT NULL,
    weight numeric(6,2) NOT NULL,
    width numeric(6,2) NOT NULL,
    CONSTRAINT store_product_quantity_check CHECK ((quantity >= 0))
);


ALTER TABLE public.store_product OWNER TO offer_user;

--
-- Name: store_product_id_seq; Type: SEQUENCE; Schema: public; Owner: offer_user
--

ALTER TABLE public.store_product ALTER COLUMN id ADD GENERATED BY DEFAULT AS IDENTITY (
    SEQUENCE NAME public.store_product_id_seq
    START WITH 1
    INCREMENT BY 1
    NO MINVALUE
    NO MAXVALUE
    CACHE 1
);


--
-- Name: store_productvariation; Type: TABLE; Schema: public; Owner: offer_user
--

CREATE TABLE public.store_productvariation (
    id bigint NOT NULL,
    color character varying(50),
    price_single numeric(10,2) NOT NULL,
    stock_single integer NOT NULL,
    discount_price numeric(10,2),
    bag_size integer NOT NULL,
    price_bag numeric(10,2),
    box_size integer NOT NULL,
    price_box numeric(10,2),
    image character varying(100),
    product_id bigint NOT NULL,
    size_id bigint NOT NULL,
    is_refundable boolean NOT NULL,
    bag_height numeric(6,2) NOT NULL,
    bag_length numeric(6,2) NOT NULL,
    bag_weight numeric(6,2) NOT NULL,
    bag_width numeric(6,2) NOT NULL,
    box_height numeric(6,2) NOT NULL,
    box_length numeric(6,2) NOT NULL,
    box_weight numeric(6,2) NOT NULL,
    box_width numeric(6,2) NOT NULL,
    height numeric(6,2) NOT NULL,
    length numeric(6,2) NOT NULL,
    weight numeric(6,2) NOT NULL,
    width numeric(6,2) NOT NULL,
    custom_sku character varying(50),
    ean character varying(13),
    manufacturer_sku character varying(50),
    upc character varying(12),
    variation_id character varying(20) NOT NULL
);


ALTER TABLE public.store_productvariation OWNER TO offer_user;

--
-- Name: store_productvariation_id_seq; Type: SEQUENCE; Schema: public; Owner: offer_user
--

ALTER TABLE public.store_productvariation ALTER COLUMN id ADD GENERATED BY DEFAULT AS IDENTITY (
    SEQUENCE NAME public.store_productvariation_id_seq
    START WITH 1
    INCREMENT BY 1
    NO MINVALUE
    NO MAXVALUE
    CACHE 1
);


--
-- Name: store_size; Type: TABLE; Schema: public; Owner: offer_user
--

CREATE TABLE public.store_size (
    id bigint NOT NULL,
    name character varying(50) NOT NULL
);


ALTER TABLE public.store_size OWNER TO offer_user;

--
-- Name: store_size_id_seq; Type: SEQUENCE; Schema: public; Owner: offer_user
--

ALTER TABLE public.store_size ALTER COLUMN id ADD GENERATED BY DEFAULT AS IDENTITY (
    SEQUENCE NAME public.store_size_id_seq
    START WITH 1
    INCREMENT BY 1
    NO MINVALUE
    NO MAXVALUE
    CACHE 1
);


--
-- Name: store_subcategory; Type: TABLE; Schema: public; Owner: offer_user
--

CREATE TABLE public.store_subcategory (
    id bigint NOT NULL,
    name character varying(255) NOT NULL,
    slug character varying(50),
    category_id bigint NOT NULL,
    parent_id bigint,
    image character varying(100)
);


ALTER TABLE public.store_subcategory OWNER TO offer_user;

--
-- Name: store_subcategory_id_seq; Type: SEQUENCE; Schema: public; Owner: offer_user
--

ALTER TABLE public.store_subcategory ALTER COLUMN id ADD GENERATED BY DEFAULT AS IDENTITY (
    SEQUENCE NAME public.store_subcategory_id_seq
    START WITH 1
    INCREMENT BY 1
    NO MINVALUE
    NO MAXVALUE
    CACHE 1
);


--
-- Name: store_vendor; Type: TABLE; Schema: public; Owner: offer_user
--

CREATE TABLE public.store_vendor (
    id bigint NOT NULL,
    name character varying(255) NOT NULL,
    contact_info text
);


ALTER TABLE public.store_vendor OWNER TO offer_user;

--
-- Name: store_vendor_id_seq; Type: SEQUENCE; Schema: public; Owner: offer_user
--

ALTER TABLE public.store_vendor ALTER COLUMN id ADD GENERATED BY DEFAULT AS IDENTITY (
    SEQUENCE NAME public.store_vendor_id_seq
    START WITH 1
    INCREMENT BY 1
    NO MINVALUE
    NO MAXVALUE
    CACHE 1
);


--
-- Name: users_customuser; Type: TABLE; Schema: public; Owner: offer_user
--

CREATE TABLE public.users_customuser (
    id bigint NOT NULL,
    password character varying(128) NOT NULL,
    last_login timestamp with time zone,
    is_superuser boolean NOT NULL,
    is_staff boolean NOT NULL,
    is_active boolean NOT NULL,
    date_joined timestamp with time zone NOT NULL,
    customer_type character varying(10) NOT NULL,
    phone_number character varying(20) NOT NULL,
    email character varying(254),
    first_name character varying(150) NOT NULL,
    last_name character varying(150) NOT NULL,
    company character varying(255) NOT NULL,
    birth_date date,
    country character varying(100),
    address character varying(255),
    address2 character varying(255),
    city character varying(100),
    province character varying(100),
    postal_code character varying(20),
    profile_image character varying(100),
    is_online boolean NOT NULL,
    member_since timestamp with time zone NOT NULL,
    is_pos boolean NOT NULL,
    pos_pin character varying(6),
    verification_code character varying(4)
);


ALTER TABLE public.users_customuser OWNER TO offer_user;

--
-- Name: users_customuser_groups; Type: TABLE; Schema: public; Owner: offer_user
--

CREATE TABLE public.users_customuser_groups (
    id bigint NOT NULL,
    customuser_id bigint NOT NULL,
    group_id integer NOT NULL
);


ALTER TABLE public.users_customuser_groups OWNER TO offer_user;

--
-- Name: users_customuser_groups_id_seq; Type: SEQUENCE; Schema: public; Owner: offer_user
--

ALTER TABLE public.users_customuser_groups ALTER COLUMN id ADD GENERATED BY DEFAULT AS IDENTITY (
    SEQUENCE NAME public.users_customuser_groups_id_seq
    START WITH 1
    INCREMENT BY 1
    NO MINVALUE
    NO MAXVALUE
    CACHE 1
);


--
-- Name: users_customuser_id_seq; Type: SEQUENCE; Schema: public; Owner: offer_user
--

ALTER TABLE public.users_customuser ALTER COLUMN id ADD GENERATED BY DEFAULT AS IDENTITY (
    SEQUENCE NAME public.users_customuser_id_seq
    START WITH 1
    INCREMENT BY 1
    NO MINVALUE
    NO MAXVALUE
    CACHE 1
);


--
-- Name: users_customuser_user_permissions; Type: TABLE; Schema: public; Owner: offer_user
--

CREATE TABLE public.users_customuser_user_permissions (
    id bigint NOT NULL,
    customuser_id bigint NOT NULL,
    permission_id integer NOT NULL
);


ALTER TABLE public.users_customuser_user_permissions OWNER TO offer_user;

--
-- Name: users_customuser_user_permissions_id_seq; Type: SEQUENCE; Schema: public; Owner: offer_user
--

ALTER TABLE public.users_customuser_user_permissions ALTER COLUMN id ADD GENERATED BY DEFAULT AS IDENTITY (
    SEQUENCE NAME public.users_customuser_user_permissions_id_seq
    START WITH 1
    INCREMENT BY 1
    NO MINVALUE
    NO MAXVALUE
    CACHE 1
);


--
-- Name: users_wishlist; Type: TABLE; Schema: public; Owner: offer_user
--

CREATE TABLE public.users_wishlist (
    id bigint NOT NULL,
    product_id bigint NOT NULL,
    user_id bigint NOT NULL
);


ALTER TABLE public.users_wishlist OWNER TO offer_user;

--
-- Name: users_wishlist_id_seq; Type: SEQUENCE; Schema: public; Owner: offer_user
--

ALTER TABLE public.users_wishlist ALTER COLUMN id ADD GENERATED BY DEFAULT AS IDENTITY (
    SEQUENCE NAME public.users_wishlist_id_seq
    START WITH 1
    INCREMENT BY 1
    NO MINVALUE
    NO MAXVALUE
    CACHE 1
);


--
-- Data for Name: auth_group; Type: TABLE DATA; Schema: public; Owner: offer_user
--

COPY public.auth_group (id, name) FROM stdin;
\.


--
-- Data for Name: auth_group_permissions; Type: TABLE DATA; Schema: public; Owner: offer_user
--

COPY public.auth_group_permissions (id, group_id, permission_id) FROM stdin;
\.


--
-- Data for Name: auth_permission; Type: TABLE DATA; Schema: public; Owner: offer_user
--

COPY public.auth_permission (id, name, content_type_id, codename) FROM stdin;
1	Can add log entry	1	add_logentry
2	Can change log entry	1	change_logentry
3	Can delete log entry	1	delete_logentry
4	Can view log entry	1	view_logentry
5	Can add permission	2	add_permission
6	Can change permission	2	change_permission
7	Can delete permission	2	delete_permission
8	Can view permission	2	view_permission
9	Can add group	3	add_group
10	Can change group	3	change_group
11	Can delete group	3	delete_group
12	Can view group	3	view_group
13	Can add content type	4	add_contenttype
14	Can change content type	4	change_contenttype
15	Can delete content type	4	delete_contenttype
16	Can view content type	4	view_contenttype
17	Can add session	5	add_session
18	Can change session	5	change_session
19	Can delete session	5	delete_session
20	Can view session	5	view_session
21	Can add brand	6	add_brand
22	Can change brand	6	change_brand
23	Can delete brand	6	delete_brand
24	Can view brand	6	view_brand
25	Can add size	7	add_size
26	Can change size	7	change_size
27	Can delete size	7	delete_size
28	Can view size	7	view_size
29	Can add vendor	8	add_vendor
30	Can change vendor	8	change_vendor
31	Can delete vendor	8	delete_vendor
32	Can view vendor	8	view_vendor
33	Can add category	9	add_category
34	Can change category	9	change_category
35	Can delete category	9	delete_category
36	Can view category	9	view_category
37	Can add product	10	add_product
38	Can change product	10	change_product
39	Can delete product	10	delete_product
40	Can view product	10	view_product
41	Can add product variation	11	add_productvariation
42	Can change product variation	11	change_productvariation
43	Can delete product variation	11	delete_productvariation
44	Can view product variation	11	view_productvariation
45	Can add price list	12	add_pricelist
46	Can change price list	12	change_pricelist
47	Can delete price list	12	delete_pricelist
48	Can view price list	12	view_pricelist
49	Can add sub category	13	add_subcategory
50	Can change sub category	13	change_subcategory
51	Can delete sub category	13	delete_subcategory
52	Can view sub category	13	view_subcategory
53	Can add price rule	14	add_pricerule
54	Can change price rule	14	change_pricerule
55	Can delete price rule	14	delete_pricerule
56	Can view price rule	14	view_pricerule
57	Can add box size	15	add_boxsize
58	Can change box size	15	change_boxsize
59	Can delete box size	15	delete_boxsize
60	Can view box size	15	view_boxsize
61	Can add cart	16	add_cart
62	Can change cart	16	change_cart
63	Can delete cart	16	delete_cart
64	Can view cart	16	view_cart
65	Can add cart item	17	add_cartitem
66	Can change cart item	17	change_cartitem
67	Can delete cart item	17	delete_cartitem
68	Can view cart item	17	view_cartitem
69	Can add order	18	add_order
70	Can change order	18	change_order
71	Can delete order	18	delete_order
72	Can view order	18	view_order
73	Can add order item	19	add_orderitem
74	Can change order item	19	change_orderitem
75	Can delete order item	19	delete_orderitem
76	Can view order item	19	view_orderitem
77	Can add refund request	20	add_refundrequest
78	Can change refund request	20	change_refundrequest
79	Can delete refund request	20	delete_refundrequest
80	Can view refund request	20	view_refundrequest
81	Can add refund media	21	add_refundmedia
82	Can change refund media	21	change_refundmedia
83	Can delete refund media	21	delete_refundmedia
84	Can view refund media	21	view_refundmedia
85	Can add user	22	add_customuser
86	Can change user	22	change_customuser
87	Can delete user	22	delete_customuser
88	Can view user	22	view_customuser
89	Can add wishlist	23	add_wishlist
90	Can change wishlist	23	change_wishlist
91	Can delete wishlist	23	delete_wishlist
92	Can view wishlist	23	view_wishlist
93	Can add PayPal IPN	24	add_paypalipn
94	Can change PayPal IPN	24	change_paypalipn
95	Can delete PayPal IPN	24	delete_paypalipn
96	Can view PayPal IPN	24	view_paypalipn
\.


--
-- Data for Name: cart_cart; Type: TABLE DATA; Schema: public; Owner: offer_user
--

COPY public.cart_cart (id, session_id, created_at, user_id) FROM stdin;
1	\N	2025-03-25 18:43:56.476113+00	1
2	kx9kxkhfsbty5hmn37sotwvqa8m4uez1	2025-03-28 19:36:35.282524+00	\N
3	antuft4xhi885zzit69ibzbil5w5ta53	2025-03-28 20:01:04.020745+00	\N
4	4yg1cmojdhvjkofdz0hoydlojj80hn9v	2025-03-28 20:45:09.9858+00	\N
5	esuds2jztqn0u7u7znm3ovxwad68u2q7	2025-03-28 20:45:10.80906+00	\N
6	tszucetd7ad93hngxehrxmyppx112g4m	2025-03-28 20:45:11.074096+00	\N
7	ems4rfvvvx4wwijxa9jlonwriu5kcgzn	2025-03-28 20:45:11.315113+00	\N
8	dccn2uartxrg6tlt7rpsz50vzrn6nib4	2025-03-28 20:45:11.546102+00	\N
9	u72fmjs8zlhy850ej6zaynn9tmcu4tds	2025-03-28 20:49:26.937533+00	\N
10	kicnl31ctu8tesueyquzoj38rlx14q1w	2025-03-28 20:49:27.967715+00	\N
11	d32cwwo223xsxej60lj6iwafgxj27wpd	2025-03-28 20:49:28.476148+00	\N
12	xmpakr335x5aenm57ee1wrng949su3ts	2025-03-28 20:49:28.698543+00	\N
13	wpivc03o5lrt9oufnw86p6z34myjk3fc	2025-03-28 20:49:28.91925+00	\N
14	cb3eqcx26pdxw765hvl5mglbzhwdgaft	2025-03-28 20:49:29.20558+00	\N
15	l4zf7oy1l2f06ao356fw8l181193ti2r	2025-03-29 08:39:09.751763+00	\N
16	nc0elravlfsxef65n5wy62oja871015n	2025-03-30 00:07:28.185115+00	\N
17	2lwsbwzobj7jengvlq04kx2b4n9tbwqc	2025-03-30 00:07:29.188091+00	\N
18	4r5bhf062loqlnqggz74vkvety7zi1fu	2025-03-30 00:12:47.332163+00	\N
19	tl00l14kvgkvvkgymarx5ezfagm1pu79	2025-03-30 00:15:44.838811+00	\N
20	jbzg2n6boo3z088czaf5yi0prb1fs43r	2025-03-30 00:17:34.464362+00	\N
21	s6fqjd3elqup6egaqkuzwz9f1qu2l2ll	2025-03-30 00:25:03.902394+00	\N
22	8940fncst41ipsman3yl6axc9ez3pmip	2025-03-30 00:31:06.117919+00	\N
23	2epbylnwtzx0frnjjggna8qy6m36e3h8	2025-03-30 15:39:03.287609+00	\N
24	60r583asx60il66qvonor27cq7k29f79	2025-03-30 16:45:57.590555+00	\N
25	vk2wumfchaf8r9vrwi1rp50wz7aqo7o1	2025-04-01 18:15:05.156882+00	\N
26	q6hg4wxw5d6a6vz4xoje46k83yd1ghn5	2025-04-01 18:37:26.244188+00	\N
27	bey0bthke1578tu2rss3pl1gc2nd9tnc	2025-04-01 19:52:19.044243+00	\N
28	nvqbveczxq86xov57cqij371ppoetruh	2025-04-02 14:57:15.127607+00	\N
29	37a3wfwqc66n7b7tk9c609qejssofqxf	2025-04-06 14:13:57.954562+00	\N
30	cnsqf94tjqf4te0c1o8l5tbqcyu8pwz8	2025-04-10 22:19:24.888955+00	\N
31	w29qb1fvu618lug9fzauk090p6ccf8jq	2025-04-11 02:39:06.621902+00	\N
32	4911y5pf5cyrs3m9gqk0he2cori60dnk	2025-04-12 00:37:27.155923+00	\N
33	8zac0e55fk1ak8ahp0s5a3dh9l3nszao	2025-04-19 13:59:59.928702+00	\N
34	tc5z7eekuslfqgdb2l3hz56da0bfv00i	2025-04-20 19:07:27.712734+00	\N
35	hg80pemg75vdn7q91pgckrzgv8w41e5k	2025-04-21 16:39:58.484954+00	\N
36	hx2d5smi7e1p2oaj4lzgit3s829j0kg2	2025-04-21 16:58:35.752473+00	\N
37	c5wcfg7gjeknmtep0hh33ziuy6j46anw	2025-04-21 18:17:00.984471+00	\N
\.


--
-- Data for Name: cart_cartitem; Type: TABLE DATA; Schema: public; Owner: offer_user
--

COPY public.cart_cartitem (id, purchase_type, quantity, cart_id, product_variation_id, product_id) FROM stdin;
64	box	50	1	2	\N
65	single	1	1	\N	2
\.


--
-- Data for Name: django_admin_log; Type: TABLE DATA; Schema: public; Owner: offer_user
--

COPY public.django_admin_log (id, action_time, object_id, object_repr, action_flag, change_message, content_type_id, user_id) FROM stdin;
1	2025-03-25 18:04:31.770591+00	1	kian hosseini (4372595411)	2	[{"changed": {"fields": ["Is pos", "Pos pin"]}}]	22	1
2	2025-03-25 18:07:02.477684+00	1	pro press	1	[{"added": {}}]	9	1
3	2025-03-25 18:07:36.511319+00	1	Copper Fittings	1	[{"added": {}}]	13	1
4	2025-03-25 18:07:53.831948+00	2	Copper Fittings > 90	1	[{"added": {}}]	13	1
5	2025-03-25 18:39:48.836062+00	1	1/2"	1	[{"added": {}}]	7	1
6	2025-03-25 18:39:51.674568+00	2	3/4"	1	[{"added": {}}]	7	1
7	2025-03-25 18:40:45.347202+00	1	Press Copper 90° Elbow (ITEM578D64CC2B)	1	[{"added": {}}, {"added": {"name": "product variation", "object": "Press Copper 90\\u00b0 Elbow - 1/2\\" - BLUE"}}, {"added": {"name": "product variation", "object": "Press Copper 90\\u00b0 Elbow - 3/4\\" - RED"}}]	10	1
8	2025-03-25 18:58:38.349056+00	2	Press Copper 45° Elbow (ITEM2337306A87)	1	[{"added": {}}]	10	1
9	2025-03-25 18:59:22.983626+00	2	Press Copper 45° Elbow (ITEM2337306A87)	2	[{"changed": {"fields": ["Quantity"]}}]	10	1
10	2025-03-28 18:07:08.365728+00	1	kian hosseini (4372595411)	2	[{"changed": {"fields": ["Email", "Country", "Address", "City", "Province", "Postal code"]}}]	22	1
11	2025-03-28 18:10:30.2115+00	1	kian hosseini (4372595411)	2	[{"changed": {"fields": ["Email", "Address2"]}}]	22	1
12	2025-03-30 17:05:52.940859+00	1	kian hosseini (4372595411)	2	[{"changed": {"fields": ["Profile image"]}}]	22	1
13	2025-04-01 15:32:19.055766+00	2	pex	1	[{"added": {}}]	9	1
14	2025-04-01 15:33:19.990292+00	2	pex	2	[{"changed": {"fields": ["Image"]}}]	9	1
15	2025-04-01 15:34:09.025894+00	3	pex	1	[{"added": {}}]	13	1
16	2025-04-01 16:53:26.821349+00	3	abs-fitting	1	[{"added": {}}]	9	1
17	2025-04-01 16:53:44.649838+00	3	abs-fitting	2	[{"changed": {"fields": ["Image"]}}]	9	1
18	2025-04-01 17:03:42.124476+00	3	abs-fitting	2	[{"changed": {"fields": ["Image"]}}]	9	1
19	2025-04-01 17:03:55.315962+00	3	abs-fitting	2	[{"changed": {"fields": ["Image"]}}]	9	1
20	2025-04-01 17:06:09.494215+00	3	pex	2	[{"changed": {"fields": ["Image"]}}]	13	1
21	2025-04-01 17:09:24.161604+00	4	90 > kian	1	[{"added": {}}]	13	1
22	2025-04-01 17:20:54.667515+00	1	Press Copper 90° Elbow (ITEM578D64CC2B)	2	[{"changed": {"fields": ["Subcategory"]}}]	10	1
23	2025-04-02 14:48:10.38389+00	1	westlake	1	[{"added": {}}]	6	1
24	2025-04-02 14:49:13.288202+00	1	westlake	2	[{"changed": {"fields": ["Image"]}}]	6	1
25	2025-04-02 18:37:17.350662+00	1	test - Gold (50%)	1	[{"added": {}}]	14	1
26	2025-04-02 18:37:41.065095+00	1	kian ooo hosseini (4372595411)	2	[{"changed": {"fields": ["Customer type"]}}]	22	1
27	2025-04-04 20:09:55.335397+00	1	Press Copper 90° Elbow - 1/2" - BLUE	2	[{"changed": {"fields": ["Stock single"]}}]	11	1
28	2025-04-06 02:00:18.284685+00	1	Press Copper 90° Elbow (ITEM578D64CC2B)	2	[{"changed": {"name": "product variation", "object": "Press Copper 90\\u00b0 Elbow - 1/2\\" - BLUE", "fields": ["Manufacturer sku"]}}]	10	1
29	2025-04-08 20:05:18.026564+00	2	Press Copper 90° Elbow - 3/4" - RED	2	[{"changed": {"fields": ["Box weight"]}}]	11	1
30	2025-04-08 20:07:39.450187+00	2	Press Copper 90° Elbow - 3/4" - RED	2	[{"changed": {"fields": ["Bag weight"]}}]	11	1
31	2025-04-08 20:08:44.239094+00	2	Press Copper 90° Elbow - 3/4" - RED	2	[{"changed": {"fields": ["Bag length", "Bag width", "Bag height"]}}]	11	1
32	2025-04-09 16:56:52.92267+00	2	Press Copper 90° Elbow - 3/4" - RED	2	[{"changed": {"fields": ["Length", "Width", "Height", "Bag weight", "Bag length", "Bag width", "Bag height", "Box weight", "Box length", "Box width", "Box height"]}}]	11	1
33	2025-04-09 16:57:28.258908+00	2	Press Copper 90° Elbow - 3/4" - RED	2	[{"changed": {"fields": ["Weight", "Length", "Width", "Height", "Bag weight", "Bag length", "Bag width", "Bag height", "Box weight", "Box length", "Box width", "Box height"]}}]	11	1
34	2025-04-09 16:57:53.696635+00	1	Press Copper 90° Elbow - 1/2" - BLUE	2	[{"changed": {"fields": ["Length", "Width", "Height", "Bag weight", "Bag length", "Bag width", "Bag height", "Box weight", "Box length", "Box width", "Box height"]}}]	11	1
35	2025-04-09 17:31:18.183399+00	2	Press Copper 45° Elbow (ITEM2337306A87)	2	[{"changed": {"fields": ["Length", "Width", "Height"]}}]	10	1
36	2025-04-09 17:31:33.453762+00	2	Press Copper 45° Elbow (ITEM2337306A87)	2	[{"changed": {"fields": ["Weight", "Length", "Width", "Height"]}}]	10	1
37	2025-04-11 16:20:17.275768+00	1	mall	1	[{"added": {}}]	15	1
38	2025-04-11 16:20:21.052823+00	1	Small	2	[{"changed": {"fields": ["Name"]}}]	15	1
39	2025-04-11 16:20:30.146186+00	2	mid	1	[{"added": {}}]	15	1
40	2025-04-11 16:20:43.334826+00	3	large	1	[{"added": {}}]	15	1
\.


--
-- Data for Name: django_content_type; Type: TABLE DATA; Schema: public; Owner: offer_user
--

COPY public.django_content_type (id, app_label, model) FROM stdin;
1	admin	logentry
2	auth	permission
3	auth	group
4	contenttypes	contenttype
5	sessions	session
6	store	brand
7	store	size
8	store	vendor
9	store	category
10	store	product
11	store	productvariation
12	store	pricelist
13	store	subcategory
14	store	pricerule
15	store	boxsize
16	cart	cart
17	cart	cartitem
18	orders	order
19	orders	orderitem
20	orders	refundrequest
21	orders	refundmedia
22	users	customuser
23	users	wishlist
24	ipn	paypalipn
\.


--
-- Data for Name: django_migrations; Type: TABLE DATA; Schema: public; Owner: offer_user
--

COPY public.django_migrations (id, app, name, applied) FROM stdin;
1	store	0001_initial	2025-03-25 18:03:28.672425+00
2	contenttypes	0001_initial	2025-03-25 18:03:28.679701+00
3	contenttypes	0002_remove_content_type_name	2025-03-25 18:03:28.688168+00
4	auth	0001_initial	2025-03-25 18:03:28.701214+00
5	auth	0002_alter_permission_name_max_length	2025-03-25 18:03:28.703693+00
6	auth	0003_alter_user_email_max_length	2025-03-25 18:03:28.705863+00
7	auth	0004_alter_user_username_opts	2025-03-25 18:03:28.707801+00
8	auth	0005_alter_user_last_login_null	2025-03-25 18:03:28.709968+00
9	auth	0006_require_contenttypes_0002	2025-03-25 18:03:28.710425+00
10	auth	0007_alter_validators_add_error_messages	2025-03-25 18:03:28.712556+00
11	auth	0008_alter_user_username_max_length	2025-03-25 18:03:28.714308+00
12	auth	0009_alter_user_last_name_max_length	2025-03-25 18:03:28.716281+00
13	auth	0010_alter_group_name_max_length	2025-03-25 18:03:28.718964+00
14	auth	0011_update_proxy_permissions	2025-03-25 18:03:28.724626+00
15	auth	0012_alter_user_first_name_max_length	2025-03-25 18:03:28.726311+00
16	users	0001_initial	2025-03-25 18:03:28.74865+00
17	admin	0001_initial	2025-03-25 18:03:28.761679+00
18	admin	0002_logentry_remove_auto_add	2025-03-25 18:03:28.764426+00
19	admin	0003_logentry_add_action_flag_choices	2025-03-25 18:03:28.766942+00
20	store	0002_product_is_refundable_productvariation_is_refundable	2025-03-25 18:03:28.7755+00
21	store	0003_remove_productvariation_stock_bag_and_more	2025-03-25 18:03:28.78342+00
22	store	0004_alter_category_name	2025-03-25 18:03:28.793929+00
23	store	0005_subcategory_image	2025-03-25 18:03:28.797699+00
24	store	0006_boxsize_product_height_product_length_product_weight_and_more	2025-03-25 18:03:28.890888+00
25	store	0007_productvariation_custom_sku_productvariation_ean_and_more	2025-03-25 18:03:28.906551+00
26	store	0008_pricerule_apply_to_products_and_more	2025-03-25 18:03:28.927631+00
27	cart	0001_initial	2025-03-25 18:03:28.939705+00
28	cart	0002_initial	2025-03-25 18:03:28.968823+00
29	cart	0003_cartitem_product	2025-03-25 18:03:28.976995+00
30	cart	0004_alter_cartitem_product_variation	2025-03-25 18:03:29.006128+00
31	ipn	0001_initial	2025-03-25 18:03:29.025795+00
32	ipn	0002_paypalipn_mp_id	2025-03-25 18:03:29.029721+00
33	ipn	0003_auto_20141117_1647	2025-03-25 18:03:29.032996+00
34	ipn	0004_auto_20150612_1826	2025-03-25 18:03:29.118505+00
35	ipn	0005_auto_20151217_0948	2025-03-25 18:03:29.123014+00
36	ipn	0006_auto_20160108_1112	2025-03-25 18:03:29.129248+00
37	ipn	0007_auto_20160219_1135	2025-03-25 18:03:29.133376+00
38	ipn	0008_auto_20181128_1032	2025-03-25 18:03:29.137483+00
39	ipn	0009_alter_paypalipn_id	2025-03-25 18:03:29.15728+00
40	orders	0001_initial	2025-03-25 18:03:29.175421+00
41	orders	0002_initial	2025-03-25 18:03:29.209719+00
42	orders	0003_refundrequest_refundmedia	2025-03-25 18:03:29.241744+00
43	orders	0004_refundmedia_uploaded_at_alter_refundrequest_order_and_more	2025-03-25 18:03:29.264361+00
44	orders	0005_alter_refundmedia_uploaded_at	2025-03-25 18:03:29.271648+00
45	orders	0006_orderitem_is_refundable	2025-03-25 18:03:29.283243+00
46	orders	0007_orderitem_refunded_quantity	2025-03-25 18:03:29.291881+00
47	orders	0008_refundrequest_paypal_refund_id_and_more	2025-03-25 18:03:29.298936+00
48	orders	0009_order_paypal_capture_id	2025-03-25 18:03:29.304483+00
49	sessions	0001_initial	2025-03-25 18:03:29.310284+00
50	store	0009_productvariation_variation_id	2025-03-25 18:03:29.318242+00
51	store	0010_alter_productvariation_variation_id	2025-03-25 18:03:29.326759+00
52	store	0011_alter_productvariation_variation_id	2025-03-25 18:03:29.333985+00
53	store	0012_auto_20250320_1755	2025-03-25 18:03:29.344787+00
54	store	0014_auto_20250320_1800	2025-03-25 18:03:29.354942+00
55	store	0013_auto_20250320_1758	2025-03-25 18:03:29.363812+00
56	store	0015_merge_0013_auto_20250320_1758_0014_auto_20250320_1800	2025-03-25 18:03:29.36424+00
57	store	0016_auto_20250320_1807	2025-03-25 18:03:29.375343+00
58	store	0017_alter_productvariation_variation_id	2025-03-25 18:03:29.382482+00
59	users	0002_alter_customuser_managers	2025-03-25 18:03:29.385794+00
60	users	0003_customuser_profile_image	2025-03-25 18:03:29.389325+00
61	users	0004_alter_customuser_profile_image	2025-03-25 18:03:29.3933+00
62	users	0005_customuser_is_online_customuser_member_since	2025-03-25 18:03:29.402315+00
63	users	0006_customuser_is_pos_customuser_pos_pin	2025-03-25 18:03:29.409623+00
64	orders	0010_alter_orderitem_product_variation	2025-03-26 01:47:43.379539+00
65	orders	0011_orderitem_product	2025-03-26 12:50:04.988989+00
66	users	0007_customuser_verification_code	2025-04-01 19:52:10.137512+00
67	orders	0012_alter_order_payment_method_alter_order_status	2025-04-04 20:28:19.826796+00
68	orders	0013_order_fulfillment_method	2025-04-04 20:38:12.769645+00
69	orders	0014_order_shipping_address1_order_shipping_address2_and_more	2025-04-11 19:25:01.685059+00
\.


--
-- Data for Name: django_session; Type: TABLE DATA; Schema: public; Owner: offer_user
--

COPY public.django_session (session_key, session_data, expire_date) FROM stdin;
\.


--
-- Data for Name: orders_order; Type: TABLE DATA; Schema: public; Owner: offer_user
--

COPY public.orders_order (id, order_id, paypal_order_id, first_name, last_name, company_name, country, address1, address2, city, state, zip_code, phone, email, order_notes, subtotal, tax_amount, total_price, payment_method, status, created_at, updated_at, user_id, paypal_capture_id, fulfillment_method, shipping_address1, shipping_address2, shipping_city, shipping_company, shipping_cost, shipping_email, shipping_first_name, shipping_last_name, shipping_phone, shipping_state, shipping_zip_code) FROM stdin;
1	127ae3c7-3c58-42c6-9603-19d392341838	\N	SEYEDMOHAMMAD	HOSSEINI		Canada	3210-950 PORTAGE PKWY, CONCORD, ON L4K 0J7		TORONTO	ON	L4K0J7	4372595411	KIANHOSSEINI423@GMAIL.COM	            	40.00	5.20	45.20	pickup	Paid	2025-03-25 20:53:07.917363+00	2025-03-25 20:53:07.930912+00	1	\N	pickup	\N	\N	\N	\N	0.00	\N	\N	\N	\N	\N	\N
6	0c088c14-d672-476b-a67b-daf2ea7ac570	\N	SEYEDMOHAMMAD	HOSSEINI		Canada	3210-950 PORTAGE PKWY, CONCORD, ON L4K 0J7		TORONTO	ON	L4K0J7	4372595411	KIANHOSSEINI423@GMAIL.COM	            	400.00	52.00	452.00	pickup	Paid	2025-03-26 13:18:59.118387+00	2025-03-26 13:18:59.127756+00	1	\N	pickup	\N	\N	\N	\N	0.00	\N	\N	\N	\N	\N	\N
9	78f334ec-0f85-4a4b-b548-c92f8855b2ef	\N	SEYEDMOHAMMAD	HOSSEINI		Canada	3210-950 PORTAGE PKWY, CONCORD, ON L4K 0J7		TORONTO	ON	L4K0J7	4372595411	KIANHOSSEINI423@GMAIL.COM	                	200.00	26.00	226.00	pickup	Paid	2025-03-31 18:20:26.459822+00	2025-03-31 18:20:26.472345+00	1	\N	pickup	\N	\N	\N	\N	0.00	\N	\N	\N	\N	\N	\N
10	7f4e9882-f07a-4ae3-b766-9bc9d6e86174	\N	SEYEDMOHAMMAD	HOSSEINI		Canada	3210-950 PORTAGE PKWY, CONCORD, ON L4K 0J7		TORONTO	ON	L4K0J7	4372595411	KIANHOSSEINI423@GMAIL.COM	                	20.00	2.60	22.60	bank	Paid	2025-03-31 19:25:32.633853+00	2025-03-31 19:25:32.643856+00	1	\N	pickup	\N	\N	\N	\N	0.00	\N	\N	\N	\N	\N	\N
2	0b84261e-5167-4de8-a5f8-0de4158db53d	\N	SEYEDMOHAMMAD	HOSSEINI		Canada	3210-950 PORTAGE PKWY, CONCORD, ON L4K 0J7		TORONTO	ON	L4K0J7	4372595411	KIANHOSSEINI423@GMAIL.COM	            	40290.00	5237.70	45527.70	pickup	Paid	2025-03-26 01:48:25.90542+00	2025-03-26 01:48:25.927577+00	1	\N	pickup	\N	\N	\N	\N	0.00	\N	\N	\N	\N	\N	\N
16	36916fb6-3fd2-4606-accb-d9ebf72f3058	\N	SEYEDMOHAMMAD	HOSSEINI		Canada	3210-950 PORTAGE PKWY, CONCORD, ON L4K 0J7		TORONTO	ON	L4K0J7	4372595411	KIANHOSSEINI423@GMAIL.COM		180.00	23.40	203.40	bank	Paid	2025-04-08 19:47:34.612817+00	2025-04-08 19:47:34.670702+00	1	\N	delivery	\N	\N	\N	\N	0.00	\N	\N	\N	\N	\N	\N
11	cfa8cd53-99bc-4480-a388-2138f0dd9150	\N	SEYEDMOHAMMAD	HOSSEINI		Canada	3210-950 PORTAGE PKWY, CONCORD, ON L4K 0J7		TORONTO	ON	L4K0J7	4372595411	KIANHOSSEINI423@GMAIL.COM	                	200.00	26.00	226.00	bank	Paid	2025-03-31 19:28:02.561145+00	2025-03-31 19:28:02.570211+00	1	\N	pickup	\N	\N	\N	\N	0.00	\N	\N	\N	\N	\N	\N
7	26789440-cbf2-46b5-89f3-bebfb0201d1f	5H256342KE130861X	SEYEDMOHAMMAD	HOSSEINI		Canada	3210-950 PORTAGE PKWY, CONCORD, ON L4K 0J7		TORONTO	ON	L4K0J7	4372595411	KIANHOSSEINI423@GMAIL.COM	                	81120.00	10545.60	91665.60	paypal	Paid	2025-03-26 19:43:50.03823+00	2025-03-26 19:43:55.308575+00	1	18H09326KP1454937	pickup	\N	\N	\N	\N	0.00	\N	\N	\N	\N	\N	\N
3	0dc997fb-3a86-40b7-a0a9-4d64e0e3ae55	\N	SEYEDMOHAMMAD	HOSSEINI		Canada	3210-950 PORTAGE PKWY, CONCORD, ON L4K 0J7		TORONTO	ON	L4K0J7	4372595411	KIANHOSSEINI423@GMAIL.COM	            	40290.00	5237.70	45527.70	pickup	Paid	2025-03-26 01:54:32.165834+00	2025-03-26 01:54:32.206009+00	1	\N	pickup	\N	\N	\N	\N	0.00	\N	\N	\N	\N	\N	\N
12	20fef062-453c-466f-b28a-6c826becbfec	\N	SEYEDMOHAMMAD	HOSSEINI		Canada	3210-950 PORTAGE PKWY, CONCORD, ON L4K 0J7		TORONTO	ON	L4K0J7	4372595411	KIANHOSSEINI423@GMAIL.COM	                	20.00	2.60	22.60	bank	Paid	2025-03-31 20:27:02.722843+00	2025-03-31 20:27:02.732503+00	1	\N	pickup	\N	\N	\N	\N	0.00	\N	\N	\N	\N	\N	\N
25	af07bb92-0f56-44f1-9372-43453956010f	\N	SEYEDMOHAMMAD	HOSSEINI		Canada	3210-950 PORTAGE PKWY, CONCORD, ON L4K 0J7		TORONTO	ON	L4K0J7	4372595411	KIANHOSSEINI423@GMAIL.COM		650.00	84.50	734.50	bank	Paid	2025-04-11 20:50:22.557882+00	2025-04-11 20:50:22.557949+00	1	\N	delivery					5.00						
4	324919a3-ee8d-42f1-8bb4-6b7c62eac335	\N	SEYEDMOHAMMAD	HOSSEINI		Canada	3210-950 PORTAGE PKWY, CONCORD, ON L4K 0J7		TORONTO	ON	L4K0J7	4372595411	KIANHOSSEINI423@GMAIL.COM	            	1700.00	221.00	1921.00	pickup	Paid	2025-03-26 12:53:47.604816+00	2025-03-26 12:53:47.656775+00	1	\N	pickup	\N	\N	\N	\N	0.00	\N	\N	\N	\N	\N	\N
18	c943a634-a1ac-4ac2-a8b4-d1a3bd922c6c	\N	SEYEDMOHAMMAD	HOSSEINI		Canada	3210-950 PORTAGE PKWY, CONCORD, ON L4K 0J7		TORONTO	ON	L4K0J7	4372595411	KIANHOSSEINI423@GMAIL.COM		10.00	1.30	11.30	bank	Paid	2025-04-11 19:59:45.334629+00	2025-04-11 19:59:45.358442+00	1	\N	delivery					5.00						
5	a795ae5b-4df1-4efa-b4f9-7a3dc57cb8b4	\N	kian	hosseini		Canada	323keele st		Toronto	ON	M6P 2K6	4372595411	kianhossiny423@gmail.com	            	200.00	26.00	226.00	check	Paid	2025-03-26 12:59:44.460526+00	2025-03-26 12:59:44.4678+00	1	\N	pickup	\N	\N	\N	\N	0.00	\N	\N	\N	\N	\N	\N
13	09ac19f9-e417-48dc-b20b-4991a3fba5c3	9L327273JT443101L	SEYEDMOHAMMAD	HOSSEINI		Canada	370 Red Maple Rd, Richmond Hill, ON L4C 6P5	109	Richmond Hill	ON	L4C 6P5	4372595411		                	20.00	2.60	22.60	paypal	Paid	2025-04-01 18:17:09.902142+00	2025-04-01 18:17:11.67614+00	1	36G73457RY942612M	pickup	\N	\N	\N	\N	0.00	\N	\N	\N	\N	\N	\N
8	a99d32c7-731d-43d1-b2d9-921fc3af9a9d	\N	SEYEDMOHAMMAD	HOSSEINI		Canada	3210-950 PORTAGE PKWY, CONCORD, ON L4K 0J7		TORONTO	ON	L4K0J7	4372595411	KIANHOSSEINI423@GMAIL.COM	                	40920.00	5319.60	46239.60	pickup	Paid	2025-03-28 17:55:29.067266+00	2025-03-28 17:55:29.089429+00	1	\N	pickup	\N	\N	\N	\N	0.00	\N	\N	\N	\N	\N	\N
21	d7a26a7c-7702-4157-bce3-c23ac2282bba	\N	SEYEDMOHAMMAD	HOSSEINI		Canada	3210-950 PORTAGE PKWY, CONCORD, ON L4K 0J7		TORONTO	ON	L4K0J7	4372595411	KIANHOSSEINI423@GMAIL.COM		32500.00	4225.00	36725.00	bank	Paid	2025-04-11 20:21:21.708522+00	2025-04-11 20:21:21.720882+00	1	\N	pickup					0.00						
19	0368e99c-a407-471c-bcab-49031caa74dc	\N	SEYEDMOHAMMAD	HOSSEINI		Canada	3210-950 PORTAGE PKWY, CONCORD, ON L4K 0J7		TORONTO	ON	L4K0J7	4372595411	KIANHOSSEINI423@GMAIL.COM		10.00	1.30	11.30	bank	Paid	2025-04-11 20:09:53.307438+00	2025-04-11 20:09:53.321642+00	1	\N	delivery					5.00						
17	bacc6c30-3e32-472f-9576-18f2b33ce384	\N	SEYEDMOHAMMAD	HOSSEINI		Canada	3210-950 PORTAGE PKWY, CONCORD, ON L4K 0J7		TORONTO	ON	L4K0J7	4372595411	KIANHOSSEINI423@GMAIL.COM		1160.00	150.80	1310.80	bank	Paid	2025-04-11 19:58:48.887218+00	2025-04-11 19:58:48.931463+00	1	\N	delivery	370 Red Maple Rd, Richmond Hill, ON L4C 6P5	109	Richmond Hill		5.00		SEYEDMOHAMMAD	HOSSEINI	4372595411	ON	L4C 6P5
14	ebeef9fe-8891-4400-9e2e-b4a06d2f846d	\N	SEYEDMOHAMMAD	HOSSEINI		Canada	3210-950 PORTAGE PKWY, CONCORD, ON L4K 0J7		TORONTO	ON	L4K0J7	4372595411	KIANHOSSEINI423@GMAIL.COM	                	195030.00	25353.90	220383.90	bank	Shipped	2025-04-02 14:56:47.109021+00	2025-04-02 16:47:31.249337+00	1	\N	pickup	\N	\N	\N	\N	0.00	\N	\N	\N	\N	\N	\N
15	f648c88f-41e7-438d-8544-6b8677129bc0	\N	SEYEDMOHAMMAD	HOSSEINI		Canada	3210-950 PORTAGE PKWY, CONCORD, ON L4K 0J7		TORONTO	ON	L4K0J7	4372595411	KIANHOSSEINI423@GMAIL.COM	                	100.00	13.00	113.00	check	Paid	2025-04-04 20:46:39.112136+00	2025-04-04 20:46:39.12767+00	1	\N	pickup	\N	\N	\N	\N	0.00	\N	\N	\N	\N	\N	\N
20	0996a3db-81d3-4f82-98c6-939f4441b178	\N	SEYEDMOHAMMAD	HOSSEINI		Canada	3210-950 PORTAGE PKWY, CONCORD, ON L4K 0J7		TORONTO	ON	L4K0J7	4372595411	KIANHOSSEINI423@GMAIL.COM		32500.00	4225.00	36725.00	bank	Paid	2025-04-11 20:19:19.249562+00	2025-04-11 20:19:19.260853+00	1	\N	delivery					5.00						
26	c05fccaa-e4e1-40ce-969b-cfab73cba2e8	\N	SEYEDMOHAMMAD	HOSSEINI		Canada	3210-950 PORTAGE PKWY, CONCORD, ON L4K 0J7		TORONTO	ON	L4K0J7	4372595411	KIANHOSSEINI423@GMAIL.COM		650.00	84.50	734.50	bank	Paid	2025-04-11 20:52:44.138744+00	2025-04-11 20:52:44.138782+00	1	\N	delivery					5.00						
22	3161554d-c913-4551-81b6-1bd88f70c5fd	\N	SEYEDMOHAMMAD	HOSSEINI		Canada	3210-950 PORTAGE PKWY, CONCORD, ON L4K 0J7		TORONTO	ON	L4K0J7	4372595411	KIANHOSSEINI423@GMAIL.COM		32500.00	4225.00	36725.00	bank	Paid	2025-04-11 20:41:05.205485+00	2025-04-11 20:41:05.34623+00	1	\N	delivery					5.00						
23	a5d7935a-b74b-457e-9060-cedfbea6e7eb	\N	SEYEDMOHAMMAD	HOSSEINI		Canada	3210-950 PORTAGE PKWY, CONCORD, ON L4K 0J7		TORONTO	ON	L4K0J7	4372595411	KIANHOSSEINI423@GMAIL.COM		32500.00	4225.00	36725.00	bank	Paid	2025-04-11 20:45:20.587101+00	2025-04-11 20:45:20.604182+00	1	\N	pickup	\N	\N	\N	\N	0.00	\N	\N	\N	\N	\N	\N
24	cc1e2fc4-5960-4c84-9b89-d53c60db889c	\N	SEYEDMOHAMMAD	HOSSEINI		Canada	3210-950 PORTAGE PKWY, CONCORD, ON L4K 0J7		TORONTO	ON	L4K0J7	4372595411	KIANHOSSEINI423@GMAIL.COM		32500.00	4225.00	36725.00	bank	Paid	2025-04-11 20:45:20.594959+00	2025-04-11 20:45:20.60544+00	1	\N	pickup	\N	\N	\N	\N	0.00	\N	\N	\N	\N	\N	\N
27	fd075e7a-d6de-4e8c-abca-441698c311d7	\N	SEYEDMOHAMMAD	HOSSEINI		Canada	3210-950 PORTAGE PKWY, CONCORD, ON L4K 0J7		TORONTO	ON	L4K0J7	4372595411	KIANHOSSEINI423@GMAIL.COM		1300.00	169.00	1469.00	bank	Paid	2025-04-11 20:59:46.423602+00	2025-04-11 20:59:46.423644+00	1	\N	delivery					5.00						
28	4f1b83f8-8443-490d-9ebf-37be9b208225	\N	SEYEDMOHAMMAD	HOSSEINI		Canada	3210-950 PORTAGE PKWY, CONCORD, ON L4K 0J7		TORONTO	ON	L4K0J7	4372595411	KIANHOSSEINI423@GMAIL.COM		650.00	84.50	734.50	bank	Paid	2025-04-12 00:42:29.662812+00	2025-04-12 00:42:29.662845+00	1	\N	delivery					5.00						
29	b0324b50-6a4d-43bd-b646-4f6b2542a355	\N	SEYEDMOHAMMAD	HOSSEINI		Canada	3210-950 PORTAGE PKWY, CONCORD, ON L4K 0J7		TORONTO	ON	L4K0J7	4372595411	KIANHOSSEINI423@GMAIL.COM		2600.00	338.00	2938.00	bank	Paid	2025-04-12 00:43:04.335698+00	2025-04-12 00:43:04.335969+00	1	\N	pickup					0.00						
30	73cc91ae-5a2a-4cd9-ba5f-cb5dc3e993d8	\N	kian	hosseini		Canada	323keele st		Toronto	ON	M6P 2K6	4372595411	kianhossiny423@gmail.com		650.00	84.50	734.50	bank	Paid	2025-04-19 14:06:50.85254+00	2025-04-19 14:06:50.852557+00	1	\N	delivery					5.00						
31	f108a7a8-c4e2-48d8-a08a-c929017a5bb9	\N	kian	hosseini		Canada	323keele st		Toronto	ON	M6P 2K6	4372595411	kianhossiny423@gmail.com		650.00	84.50	755.38	bank	Paid	2025-04-19 14:11:54.655722+00	2025-04-19 14:11:54.65574+00	1	\N	delivery					20.88						
32	2769c4cc-8d12-4e9e-93f7-2e82b25af6f8	2FM64810UH398720X	kian	hosseini		Canada	323keele st		Toronto	ON	M6P 2K6	4372595411	kianhossiny423@gmail.com		650.00	84.50	755.38	paypal	Paid	2025-04-19 14:16:25.060264+00	2025-04-19 14:16:25.060364+00	1	\N	delivery					20.88						
33	7dcc5216-701d-41f4-b2ec-f112dacd4863	7JN39086Y15730104	SEYEDMOHAMMAD	HOSSEINI		Canada	3210-950 PORTAGE PKWY, CONCORD, ON L4K 0J7		TORONTO	ON	L4K0J7	4372595411	KIANHOSSEINI423@GMAIL.COM		650.00	84.50	755.38	paypal	Paid	2025-04-19 14:24:01.929223+00	2025-04-19 14:24:01.929243+00	1	\N	delivery					20.88						
34	0b3cba1c-b01e-4de2-821e-627cb9d36cc8	\N	SEYEDMOHAMMAD	HOSSEINI		Canada	3210-950 PORTAGE PKWY, CONCORD, ON L4K 0J7		TORONTO	ON	L4K0J7	4372595411	KIANHOSSEINI423@GMAIL.COM		15.00	1.95	37.83	bank	Paid	2025-04-20 15:44:33.509639+00	2025-04-20 15:44:33.509697+00	1	\N	delivery					20.88						
35	26a52099-9057-4669-971a-9a98784428ef	\N	SEYEDMOHAMMAD	HOSSEINI		Canada	3210-950 PORTAGE PKWY, CONCORD, ON L4K 0J7		TORONTO	ON	L4K0J7	4372595411	KIANHOSSEINI423@GMAIL.COM		650.00	84.50	755.38	bank	Paid	2025-04-20 15:46:09.415558+00	2025-04-20 15:46:09.415586+00	1	\N	delivery					20.88						
36	3fc1b771-b2a8-4d96-84f0-5bcf0d028926	\N	SEYEDMOHAMMAD	HOSSEINI		Canada	3210-950 PORTAGE PKWY, CONCORD, ON L4K 0J7		TORONTO	ON	L4K0J7	4372595411	KIANHOSSEINI423@GMAIL.COM		650.00	84.50	755.38	bank	Paid	2025-04-20 15:51:56.134675+00	2025-04-20 15:51:56.134699+00	1	\N	delivery					20.88						
37	979daa31-260e-41bf-bff8-c07fffbca102	\N	SEYEDMOHAMMAD	HOSSEINI		Canada	3210-950 PORTAGE PKWY, CONCORD, ON L4K 0J7		TORONTO	ON	L4K0J7	4372595411	KIANHOSSEINI423@GMAIL.COM		650.00	84.50	755.38	bank	Paid	2025-04-20 15:55:56.998301+00	2025-04-20 15:55:56.998325+00	1	\N	delivery					20.88						
38	065d097a-77c5-4c8f-af11-53ff12f7208f	\N	SEYEDMOHAMMAD	HOSSEINI		Canada	3210-950 PORTAGE PKWY, CONCORD, ON L4K 0J7		TORONTO	ON	L4K0J7	4372595411	KIANHOSSEINI423@GMAIL.COM		650.00	84.50	755.38	bank	Paid	2025-04-20 16:22:27.271532+00	2025-04-20 16:22:27.271548+00	1	\N	delivery					20.88						
39	d652abd7-3db6-46e7-b447-ccf87901cc12	2UP48054D41933520	SEYEDMOHAMMAD	HOSSEINI		Canada	3210-950 PORTAGE PKWY, CONCORD, ON L4K 0J7		TORONTO	ON	L4K0J7	4372595411	KIANHOSSEINI423@GMAIL.COM		650.00	84.50	755.38	paypal	Paid	2025-04-20 16:28:22.283428+00	2025-04-20 16:28:22.283445+00	1	\N	delivery					20.88						
40	e89a6cf0-3929-4a71-921f-7c2b885a58b9	1AW08440SA4555620	SEYEDMOHAMMAD	HOSSEINI		Canada	3210-950 PORTAGE PKWY, CONCORD, ON L4K 0J7		TORONTO	ON	L4K0J7	4372595411	KIANHOSSEINI423@GMAIL.COM		650.00	84.50	734.50	paypal	Paid	2025-04-20 16:31:40.497681+00	2025-04-20 16:31:40.497705+00	1	\N	pickup					0.00						
41	7c06fd81-bc21-492a-858d-69d6482bc93d	37131269S93802428	SEYEDMOHAMMAD	HOSSEINI		Canada	3210-950 PORTAGE PKWY, CONCORD, ON L4K 0J7		TORONTO	ON	L4K0J7	4372595411	KIANHOSSEINI423@GMAIL.COM		650.00	84.50	734.50	paypal	Paid	2025-04-20 16:40:13.256838+00	2025-04-20 16:40:13.256867+00	1	\N	pickup					0.00						
42	c75fda0e-5a81-4ea9-b86a-3077f03e048a	03V52606Y37799244	SEYEDMOHAMMAD	HOSSEINI		Canada	3210-950 PORTAGE PKWY, CONCORD, ON L4K 0J7		TORONTO	ON	L4K0J7	4372595411	KIANHOSSEINI423@GMAIL.COM		650.00	84.50	734.50	paypal	Paid	2025-04-20 16:45:02.26214+00	2025-04-20 16:45:04.394707+00	1	9R6343158H9619817	pickup					0.00						
43	31464328-c66a-40d9-b484-5347ad06791e	1MW786912F5674926	SEYEDMOHAMMAD	HOSSEINI		Canada	3210-950 PORTAGE PKWY, CONCORD, ON L4K 0J7		TORONTO	ON	L4K0J7	4372595411	KIANHOSSEINI423@GMAIL.COM		1300.00	169.00	1469.00	paypal	Paid	2025-04-20 17:10:19.014696+00	2025-04-20 17:10:20.556354+00	1	11375822VD538122J	pickup					0.00						
44	6bf96f15-22fc-4154-a61b-d0ed1b52c29f	8YS75898S5056864B	SEYEDMOHAMMAD	HOSSEINI		Canada	3210-950 PORTAGE PKWY, CONCORD, ON L4K 0J7		TORONTO	ON	L4K0J7	4372595411	KIANHOSSEINI423@GMAIL.COM		650.00	84.50	755.38	paypal	Paid	2025-04-21 20:17:41.320672+00	2025-04-21 20:17:42.839572+00	1	27W55451VW005435P	delivery					20.88						
45	29b81b5d-a9e6-4cf0-9abd-37b13b1bf324	\N	SEYEDMOHAMMAD	HOSSEINI		Canada	3210-950 PORTAGE PKWY, CONCORD, ON L4K 0J7		TORONTO	ON	L4K0J7	4372595411	KIANHOSSEINI423@GMAIL.COM		100.00	13.00	113.00	bank	Paid	2025-04-21 20:30:11.963816+00	2025-04-21 20:30:11.963843+00	1	\N	pickup					0.00						
46	c3558852-2e8e-479a-9ca9-f5fc00589358	\N	SEYEDMOHAMMAD	HOSSEINI		Canada	3210-950 PORTAGE PKWY, CONCORD, ON L4K 0J7		TORONTO	ON	L4K0J7	4372595411	KIANHOSSEINI423@GMAIL.COM		100.00	13.00	113.00	check	Paid	2025-04-21 20:33:27.782634+00	2025-04-21 20:33:27.782659+00	1	\N	delivery					5.00						
47	f1a554fa-3c7d-49f4-a530-80ab7b106e54	\N	SEYEDMOHAMMAD	HOSSEINI		Canada	3210-950 PORTAGE PKWY, CONCORD, ON L4K 0J7		TORONTO	ON	L4K0J7	4372595411	KIANHOSSEINI423@GMAIL.COM		100.00	13.00	133.88	check	Paid	2025-04-21 20:34:05.751912+00	2025-04-21 20:34:05.751944+00	1	\N	delivery					20.88						
\.


--
-- Data for Name: orders_orderitem; Type: TABLE DATA; Schema: public; Owner: offer_user
--

COPY public.orders_orderitem (id, purchase_type, quantity, price, total_price, order_id, product_variation_id, is_refundable, refunded_quantity, product_id) FROM stdin;
1	single	2	20.00	40.00	1	1	t	0	\N
3	single	3	20.00	60.00	2	1	t	0	\N
4	single	1	200.00	200.00	2	\N	t	0	\N
5	box	50	800.00	40000.00	2	1	t	0	\N
6	single	1	30.00	30.00	2	2	t	0	\N
7	single	3	20.00	60.00	3	1	t	0	\N
8	single	1	200.00	200.00	3	\N	t	0	\N
9	box	50	800.00	40000.00	3	1	t	0	\N
10	single	1	30.00	30.00	3	2	t	0	\N
11	single	4	200.00	800.00	4	\N	t	0	\N
12	bag	10	90.00	900.00	4	1	t	0	\N
13	single	1	200.00	200.00	5	\N	t	0	\N
14	single	2	200.00	400.00	6	\N	t	0	2
15	single	1	200.00	200.00	7	\N	t	0	2
16	single	1	20.00	20.00	7	1	t	0	\N
17	bag	10	90.00	900.00	7	1	t	0	\N
18	box	100	800.00	80000.00	7	1	t	0	\N
19	single	1	20.00	20.00	8	1	t	0	\N
20	box	50	800.00	40000.00	8	1	t	0	\N
21	single	1	200.00	200.00	8	\N	t	0	2
22	bag	5	140.00	700.00	8	2	t	0	\N
23	single	1	200.00	200.00	9	\N	t	0	2
24	single	1	20.00	20.00	10	1	t	0	\N
25	single	1	200.00	200.00	11	\N	t	0	2
26	single	1	20.00	20.00	12	1	t	0	\N
27	single	1	20.00	20.00	13	1	t	0	\N
28	single	1	30.00	30.00	14	2	t	0	\N
29	box	150	1300.00	195000.00	14	2	t	0	\N
30	single	1	100.00	100.00	15	\N	t	0	2
31	single	12	15.00	180.00	16	2	t	0	\N
32	single	1	10.00	10.00	17	1	t	0	\N
33	single	1	100.00	100.00	17	\N	t	0	2
34	bag	15	70.00	1050.00	17	2	t	0	\N
35	single	1	10.00	10.00	18	1	t	0	\N
36	single	1	10.00	10.00	19	1	t	0	\N
37	box	50	650.00	32500.00	20	2	t	0	\N
38	box	50	650.00	32500.00	21	2	t	0	\N
39	box	50	650.00	32500.00	22	2	t	0	\N
40	box	50	650.00	32500.00	23	2	t	0	\N
41	box	50	650.00	32500.00	24	2	t	0	\N
42	box	50	650.00	32500.00	25	2	t	0	\N
43	box	50	650.00	32500.00	26	2	t	0	\N
44	box	100	650.00	65000.00	27	2	t	0	\N
45	box	50	650.00	650.00	28	2	t	0	\N
46	box	200	650.00	2600.00	29	2	t	0	\N
47	box	50	650.00	650.00	30	2	t	0	\N
48	box	50	650.00	650.00	31	2	t	0	\N
49	box	50	650.00	650.00	32	2	t	0	\N
50	box	50	650.00	650.00	33	2	t	0	\N
51	single	1	15.00	15.00	34	2	t	0	\N
52	box	50	650.00	650.00	35	2	t	0	\N
53	box	50	650.00	650.00	36	2	t	0	\N
54	box	50	650.00	650.00	37	2	t	0	\N
55	box	50	650.00	650.00	38	2	t	0	\N
56	box	50	650.00	650.00	39	2	t	0	\N
57	box	50	650.00	650.00	40	2	t	0	\N
58	box	50	650.00	650.00	41	2	t	0	\N
59	box	50	650.00	650.00	42	2	t	0	\N
60	box	100	650.00	1300.00	43	2	t	0	\N
61	box	50	650.00	650.00	44	2	t	0	\N
62	single	1	100.00	100.00	45	\N	t	0	2
63	single	1	100.00	100.00	46	\N	t	0	2
64	single	1	100.00	100.00	47	\N	t	0	2
\.


--
-- Data for Name: orders_refundmedia; Type: TABLE DATA; Schema: public; Owner: offer_user
--

COPY public.orders_refundmedia (id, media_file, refund_request_id, uploaded_at) FROM stdin;
1	refund_media/6_ccps506_haskell_1.pdf	6	2025-03-31 19:25:52.937537+00
2	refund_media/Design_a_sleek_and_professional_business_card_for_Buzhan_IT_Services.jpg	7	2025-03-31 19:31:43.899405+00
3	refund_media/Dorcci_-_Ghatle_Amd_Guitar_Version__Slowed.mp4	8	2025-03-31 20:30:22.755141+00
4	refund_media/Dorcci_-_Ghatle_Amd_Guitar_Version__Slowed_qSqD2mb.mp4	9	2025-04-01 18:18:11.020313+00
\.


--
-- Data for Name: orders_refundrequest; Type: TABLE DATA; Schema: public; Owner: offer_user
--

COPY public.orders_refundrequest (id, quantity, refund_reason, additional_comments, restocking_fee_percentage, refund_amount, status, admin_response, requested_at, updated_at, order_id, order_item_id, user_id, paypal_refund_id) FROM stdin;
1	1	not_as_described		10.00	20.33	approved	\N	2025-03-25 20:53:38.757075+00	2025-03-30 17:47:07.325583+00	1	1	1	\N
5	5	damaged	test	10.00	711.89	approved	\N	2025-03-31 18:42:40.869736+00	2025-03-31 18:55:11.611089+00	8	22	1	\N
3	50	damaged	test	10.00	40679.99	approved	\N	2025-03-31 18:42:40.869666+00	2025-03-31 18:57:56.330337+00	8	20	1	\N
2	1	damaged	test	10.00	20.33	approved	\N	2025-03-31 18:42:40.869599+00	2025-03-31 18:57:58.271652+00	8	19	1	\N
4	1	damaged	test	10.00	203.39	approved	\N	2025-03-31 18:42:40.869703+00	2025-03-31 19:06:38.803812+00	8	21	1	\N
6	1	damaged	test	10.00	20.33	pending	\N	2025-03-31 19:25:52.934455+00	2025-03-31 19:25:52.934471+00	10	24	1	\N
7	1	damaged	test	10.00	203.39	pending	\N	2025-03-31 19:31:43.895068+00	2025-03-31 19:31:43.895091+00	11	25	1	\N
8	1	damaged	lil	10.00	20.33	pending	\N	2025-03-31 20:30:22.748761+00	2025-03-31 20:30:22.748821+00	12	26	1	\N
9	1	not_as_described	test	10.00	20.33	pending	\N	2025-04-01 18:18:11.016452+00	2025-04-01 18:18:11.016481+00	13	27	1	\N
10	50	wrong_item	tset	10.00	33052.49	approved	\N	2025-04-19 14:16:46.71781+00	2025-04-19 14:17:06.858735+00	32	49	1	\N
11	50	not_as_described	test	10.00	33052.50	pending	\N	2025-04-19 14:24:46.992945+00	2025-04-19 14:24:46.992971+00	33	50	1	\N
13	1	damaged		10.00	15.25	pending	\N	2025-04-20 15:44:57.318307+00	2025-04-20 15:44:57.318338+00	34	51	1	\N
14	50	damaged	test	10.00	33052.50	pending	\N	2025-04-20 15:46:41.638946+00	2025-04-20 15:46:41.638974+00	35	52	1	\N
15	50	damaged	test	10.00	1322.10	pending	\N	2025-04-20 15:50:33.084107+00	2025-04-20 15:50:33.084148+00	27	44	1	\N
16	50	damaged		10.00	1322.10	pending	\N	2025-04-20 15:50:42.487454+00	2025-04-20 15:50:42.487477+00	27	44	1	\N
17	50	not_as_described	test	10.00	1322.10	pending	\N	2025-04-20 15:52:26.999482+00	2025-04-20 15:52:26.999511+00	36	53	1	\N
18	50	damaged	test	10.00	\N	pending	\N	2025-04-20 15:56:24.641894+00	2025-04-20 15:56:24.641931+00	37	54	1	\N
19	50	damaged	test	10.00	661.05	pending	\N	2025-04-20 16:25:13.431271+00	2025-04-20 16:25:13.431304+00	38	55	1	\N
12	50	other	test	10.00	661.05	approved	\N	2025-04-19 14:28:50.742044+00	2025-04-20 16:30:14.520602+00	30	47	1	\N
20	50	damaged	test	10.00	661.05	approved	\N	2025-04-20 16:28:51.954208+00	2025-04-20 16:30:26.129094+00	39	56	1	\N
21	50	damaged	test	10.00	661.05	approved	\N	2025-04-20 16:33:15.251979+00	2025-04-20 16:33:24.996445+00	40	57	1	\N
22	50	damaged		10.00	661.05	approved	\N	2025-04-20 16:45:42.35902+00	2025-04-20 16:45:53.591658+00	42	59	1	\N
23	50	damaged		10.00	661.05	approved	\N	2025-04-20 17:11:07.993595+00	2025-04-20 17:11:36.188278+00	43	60	1	\N
24	50	damaged		10.00	661.05	approved	\N	2025-04-20 17:11:13.603849+00	2025-04-20 17:11:40.302865+00	43	60	1	\N
\.


--
-- Data for Name: paypal_ipn; Type: TABLE DATA; Schema: public; Owner: offer_user
--

COPY public.paypal_ipn (id, business, charset, custom, notify_version, parent_txn_id, receiver_email, receiver_id, residence_country, test_ipn, txn_id, txn_type, verify_sign, address_country, address_city, address_country_code, address_name, address_state, address_status, address_street, address_zip, contact_phone, first_name, last_name, payer_business_name, payer_email, payer_id, auth_amount, auth_exp, auth_id, auth_status, exchange_rate, invoice, item_name, item_number, mc_currency, mc_fee, mc_gross, mc_handling, mc_shipping, memo, num_cart_items, option_name1, option_name2, payer_status, payment_date, payment_gross, payment_status, payment_type, pending_reason, protection_eligibility, quantity, reason_code, remaining_settle, settle_amount, settle_currency, shipping, shipping_method, tax, transaction_entity, auction_buyer_id, auction_closing_date, auction_multi_item, for_auction, amount, amount_per_cycle, initial_payment_amount, next_payment_date, outstanding_balance, payment_cycle, period_type, product_name, product_type, profile_status, recurring_payment_id, rp_invoice_id, time_created, amount1, amount2, amount3, mc_amount1, mc_amount2, mc_amount3, password, period1, period2, period3, reattempt, recur_times, recurring, retry_at, subscr_date, subscr_effective, subscr_id, username, case_creation_date, case_id, case_type, receipt_id, currency_code, handling_amount, transaction_subject, ipaddress, flag, flag_code, flag_info, query, response, created_at, updated_at, from_view, mp_id, option_selection1, option_selection2) FROM stdin;
\.


--
-- Data for Name: store_boxsize; Type: TABLE DATA; Schema: public; Owner: offer_user
--

COPY public.store_boxsize (id, name, max_weight, length, width, height) FROM stdin;
1	Small	9.00	10.00	10.00	10.00
2	mid	20.00	25.00	25.00	25.00
3	large	50.00	50.00	50.00	50.00
\.


--
-- Data for Name: store_brand; Type: TABLE DATA; Schema: public; Owner: offer_user
--

COPY public.store_brand (id, name, image, is_new) FROM stdin;
1	westlake	brands/download_1.png	t
\.


--
-- Data for Name: store_category; Type: TABLE DATA; Schema: public; Owner: offer_user
--

COPY public.store_category (id, name, slug, image, lft, rght, tree_id, level, parent_id) FROM stdin;
1	pro press	pro-press	categories/download_3.jpeg	1	2	3	0	\N
2	pex	pex	categories/download_5.jpeg	1	2	2	0	\N
3	abs-fitting	abs-fitting	categories/download_5_r9qHkw4.jpeg	1	2	1	0	\N
\.


--
-- Data for Name: store_pricelist; Type: TABLE DATA; Schema: public; Owner: offer_user
--

COPY public.store_pricelist (id, name) FROM stdin;
\.


--
-- Data for Name: store_pricelist_product_variations; Type: TABLE DATA; Schema: public; Owner: offer_user
--

COPY public.store_pricelist_product_variations (id, pricelist_id, productvariation_id) FROM stdin;
\.


--
-- Data for Name: store_pricelist_products; Type: TABLE DATA; Schema: public; Owner: offer_user
--

COPY public.store_pricelist_products (id, pricelist_id, product_id) FROM stdin;
\.


--
-- Data for Name: store_pricerule; Type: TABLE DATA; Schema: public; Owner: offer_user
--

COPY public.store_pricerule (id, name, customer_type, discount_percentage, apply_to_price_list_id) FROM stdin;
1	test	gold	50.00	\N
\.


--
-- Data for Name: store_pricerule_apply_to_categories; Type: TABLE DATA; Schema: public; Owner: offer_user
--

COPY public.store_pricerule_apply_to_categories (id, pricerule_id, category_id) FROM stdin;
1	1	1
2	1	2
3	1	3
\.


--
-- Data for Name: store_pricerule_apply_to_products; Type: TABLE DATA; Schema: public; Owner: offer_user
--

COPY public.store_pricerule_apply_to_products (id, pricerule_id, product_id) FROM stdin;
1	1	1
2	1	2
\.


--
-- Data for Name: store_pricerule_apply_to_subcategories; Type: TABLE DATA; Schema: public; Owner: offer_user
--

COPY public.store_pricerule_apply_to_subcategories (id, pricerule_id, subcategory_id) FROM stdin;
1	1	1
2	1	2
3	1	3
4	1	4
\.


--
-- Data for Name: store_pricerule_apply_to_variations; Type: TABLE DATA; Schema: public; Owner: offer_user
--

COPY public.store_pricerule_apply_to_variations (id, pricerule_id, productvariation_id) FROM stdin;
1	1	1
2	1	2
\.


--
-- Data for Name: store_pricerule_exclude_products; Type: TABLE DATA; Schema: public; Owner: offer_user
--

COPY public.store_pricerule_exclude_products (id, pricerule_id, product_id) FROM stdin;
\.


--
-- Data for Name: store_pricerule_exclude_variations; Type: TABLE DATA; Schema: public; Owner: offer_user
--

COPY public.store_pricerule_exclude_variations (id, pricerule_id, productvariation_id) FROM stdin;
\.


--
-- Data for Name: store_product; Type: TABLE DATA; Schema: public; Owner: offer_user
--

COPY public.store_product (id, name, slug, description, image, price, discount_price, default_cost, online_price, quantity, quantity_history, system_id, ean, upc, custom_sku, publish_to_ecommerce, options, rating, trending, best_selling, most_popular, just_arrived, brand_id, category_id, subcategory_id, vendor_id, is_refundable, height, length, weight, width) FROM stdin;
2	Press Copper 45° Elbow	press-copper-45-elbow	test	products/IMG_7571.JPG	200.00	\N	99.97	\N	490	[{"new": 500, "old": 0}, {"new": 498, "old": 500}, {"new": 497, "old": 498}, {"new": 496, "old": 497}, {"new": 495, "old": 496}, {"new": 496, "old": 495}, {"new": 495, "old": 496}, {"new": 494, "old": 495}, {"new": 493, "old": 494}, {"new": 492, "old": 493}, {"new": 491, "old": 492}, {"new": 490, "old": 491}]	ITEM2337306A87	\N	\N	\N	t	{}	0	t	t	t	t	\N	1	2	\N	t	3.00	3.00	3.00	3.00
1	Press Copper 90° Elbow	press-copper-90-elbow	test2	products/download_2.jpeg	200.00	\N	2.00	\N	0	[]	ITEM578D64CC2B	\N	\N	\N	t	{}	0	t	t	t	t	\N	1	4	\N	t	4.00	12.00	1.00	9.00
\.


--
-- Data for Name: store_productvariation; Type: TABLE DATA; Schema: public; Owner: offer_user
--

COPY public.store_productvariation (id, color, price_single, stock_single, discount_price, bag_size, price_bag, box_size, price_box, image, product_id, size_id, is_refundable, bag_height, bag_length, bag_weight, bag_width, box_height, box_length, box_weight, box_width, height, length, weight, width, custom_sku, ean, manufacturer_sku, upc, variation_id) FROM stdin;
2	RED	30.00	3821	\N	5	140.00	50	1300.00	product_variations/download_2_YKDEFG4.jpeg	1	2	t	5.00	5.00	5.00	5.00	5.00	5.00	5.00	5.00	5.00	5.00	5.00	5.00	\N	\N	test22	\N	VAR4749905B9F
1	BLUE	20.00	0	\N	5	90.00	50	800.00	product_variations/download_2.jpeg	1	1	t	1.00	1.00	1.00	1.00	1.00	1.00	1.00	1.00	1.00	1.00	1.00	1.00	\N	\N	ali22	\N	VARB7D57590F3
\.


--
-- Data for Name: store_size; Type: TABLE DATA; Schema: public; Owner: offer_user
--

COPY public.store_size (id, name) FROM stdin;
1	1/2"
2	3/4"
\.


--
-- Data for Name: store_subcategory; Type: TABLE DATA; Schema: public; Owner: offer_user
--

COPY public.store_subcategory (id, name, slug, category_id, parent_id, image) FROM stdin;
1	Copper Fittings	copper-fittings	1	\N	subcategories/download_4.jpeg
2	90	90	1	1	subcategories/download_2.jpeg
3	pex	pex	1	\N	subcategories/download_4_1OlaHqQ.jpeg
4	kian	kian	1	2	subcategories/download_5_XewXBvZ.jpeg
\.


--
-- Data for Name: store_vendor; Type: TABLE DATA; Schema: public; Owner: offer_user
--

COPY public.store_vendor (id, name, contact_info) FROM stdin;
\.


--
-- Data for Name: users_customuser; Type: TABLE DATA; Schema: public; Owner: offer_user
--

COPY public.users_customuser (id, password, last_login, is_superuser, is_staff, is_active, date_joined, customer_type, phone_number, email, first_name, last_name, company, birth_date, country, address, address2, city, province, postal_code, profile_image, is_online, member_since, is_pos, pos_pin, verification_code) FROM stdin;
1	pbkdf2_sha256$870000$XtN9KI5xWDENtAOFQnc7eA$s9DweU7cTtMXgQYtS5q8FQK+P5LQND19iYpJd+YftIw=	2025-04-21 20:06:52.616366+00	t	t	t	2025-03-25 18:03:48+00	gold	4372595411	KIANHOSSEINI423@gmail.com	kian	hosseini	No Company	\N	Canada	323keele st	109	Toronto	ON	M6P 2K6	profile_images/2024-11-05_22.48.14.jpg	f	2025-03-25 18:03:48.502039+00	t	4044	\N
2	pbkdf2_sha256$870000$KU3b83k464bQsDpCsdGzw0$lX1CwlqS7S74sqnEqBZVnM0mdybrr4zb3i5uS4FmOTE=	\N	f	f	t	2025-03-30 00:30:19.61915+00	regular	4372595414	KIANHOSSEINI424@gmail.com	SEYEDMOHAMMADd	HOSSEINId	No Company	2025-03-06	Canada	3210-950 PORTAGE PKWY, CONCORD, ON L4K 0J7		TORONTO	ON	L4K0J7	profile_images/default.jpg	f	2025-03-30 00:30:19.852515+00	f	\N	\N
3	pbkdf2_sha256$870000$qpsx7eNg9iIeHPmNGiboyq$splAUhMOlZaCqrIoWJmj6m+fll/FJkBYEEyP1nV3CAg=	\N	f	f	t	2025-03-30 00:31:40.588461+00	regular	4372595454	KIANHOSSEINI4233@gmail.com	SEYEDMOHAMMADd	HOSSEINId		2025-03-06							profile_images/default.jpg	f	2025-03-30 00:31:40.790061+00	f	\N	\N
4	pbkdf2_sha256$870000$0sUWG0jlvBO06pyKNF3mtk$TOfw9fTi3ySIIYu23RF8tXQH8HkfaoG6gn9xroQ0e1s=	\N	f	f	t	2025-04-01 19:52:18.801065+00	regular	4372595412	kianhossiny423@gmail.com	SEYEDMOHAMMAD	HOSSEINI	No Company	2025-03-30	Canada	3210-950 PORTAGE PKWY, CONCORD, ON L4K 0J7		TORONTO	ON	L4K0J7	profile_images/default.jpg	f	2025-04-01 19:52:19.022633+00	f	\N	7526
\.


--
-- Data for Name: users_customuser_groups; Type: TABLE DATA; Schema: public; Owner: offer_user
--

COPY public.users_customuser_groups (id, customuser_id, group_id) FROM stdin;
\.


--
-- Data for Name: users_customuser_user_permissions; Type: TABLE DATA; Schema: public; Owner: offer_user
--

COPY public.users_customuser_user_permissions (id, customuser_id, permission_id) FROM stdin;
\.


--
-- Data for Name: users_wishlist; Type: TABLE DATA; Schema: public; Owner: offer_user
--

COPY public.users_wishlist (id, product_id, user_id) FROM stdin;
4	1	1
5	2	1
\.


--
-- Name: auth_group_id_seq; Type: SEQUENCE SET; Schema: public; Owner: offer_user
--

SELECT pg_catalog.setval('public.auth_group_id_seq', 1, false);


--
-- Name: auth_group_permissions_id_seq; Type: SEQUENCE SET; Schema: public; Owner: offer_user
--

SELECT pg_catalog.setval('public.auth_group_permissions_id_seq', 1, false);


--
-- Name: auth_permission_id_seq; Type: SEQUENCE SET; Schema: public; Owner: offer_user
--

SELECT pg_catalog.setval('public.auth_permission_id_seq', 96, true);


--
-- Name: cart_cart_id_seq; Type: SEQUENCE SET; Schema: public; Owner: offer_user
--

SELECT pg_catalog.setval('public.cart_cart_id_seq', 37, true);


--
-- Name: cart_cartitem_id_seq; Type: SEQUENCE SET; Schema: public; Owner: offer_user
--

SELECT pg_catalog.setval('public.cart_cartitem_id_seq', 65, true);


--
-- Name: django_admin_log_id_seq; Type: SEQUENCE SET; Schema: public; Owner: offer_user
--

SELECT pg_catalog.setval('public.django_admin_log_id_seq', 40, true);


--
-- Name: django_content_type_id_seq; Type: SEQUENCE SET; Schema: public; Owner: offer_user
--

SELECT pg_catalog.setval('public.django_content_type_id_seq', 24, true);


--
-- Name: django_migrations_id_seq; Type: SEQUENCE SET; Schema: public; Owner: offer_user
--

SELECT pg_catalog.setval('public.django_migrations_id_seq', 69, true);


--
-- Name: orders_order_id_seq; Type: SEQUENCE SET; Schema: public; Owner: offer_user
--

SELECT pg_catalog.setval('public.orders_order_id_seq', 47, true);


--
-- Name: orders_orderitem_id_seq; Type: SEQUENCE SET; Schema: public; Owner: offer_user
--

SELECT pg_catalog.setval('public.orders_orderitem_id_seq', 64, true);


--
-- Name: orders_refundmedia_id_seq; Type: SEQUENCE SET; Schema: public; Owner: offer_user
--

SELECT pg_catalog.setval('public.orders_refundmedia_id_seq', 4, true);


--
-- Name: orders_refundrequest_id_seq; Type: SEQUENCE SET; Schema: public; Owner: offer_user
--

SELECT pg_catalog.setval('public.orders_refundrequest_id_seq', 24, true);


--
-- Name: paypal_ipn_id_seq; Type: SEQUENCE SET; Schema: public; Owner: offer_user
--

SELECT pg_catalog.setval('public.paypal_ipn_id_seq', 1, false);


--
-- Name: store_boxsize_id_seq; Type: SEQUENCE SET; Schema: public; Owner: offer_user
--

SELECT pg_catalog.setval('public.store_boxsize_id_seq', 3, true);


--
-- Name: store_brand_id_seq; Type: SEQUENCE SET; Schema: public; Owner: offer_user
--

SELECT pg_catalog.setval('public.store_brand_id_seq', 1, true);


--
-- Name: store_category_id_seq; Type: SEQUENCE SET; Schema: public; Owner: offer_user
--

SELECT pg_catalog.setval('public.store_category_id_seq', 3, true);


--
-- Name: store_pricelist_id_seq; Type: SEQUENCE SET; Schema: public; Owner: offer_user
--

SELECT pg_catalog.setval('public.store_pricelist_id_seq', 1, false);


--
-- Name: store_pricelist_product_variations_id_seq; Type: SEQUENCE SET; Schema: public; Owner: offer_user
--

SELECT pg_catalog.setval('public.store_pricelist_product_variations_id_seq', 1, false);


--
-- Name: store_pricelist_products_id_seq; Type: SEQUENCE SET; Schema: public; Owner: offer_user
--

SELECT pg_catalog.setval('public.store_pricelist_products_id_seq', 1, false);


--
-- Name: store_pricerule_apply_to_categories_id_seq; Type: SEQUENCE SET; Schema: public; Owner: offer_user
--

SELECT pg_catalog.setval('public.store_pricerule_apply_to_categories_id_seq', 3, true);


--
-- Name: store_pricerule_apply_to_products_id_seq; Type: SEQUENCE SET; Schema: public; Owner: offer_user
--

SELECT pg_catalog.setval('public.store_pricerule_apply_to_products_id_seq', 2, true);


--
-- Name: store_pricerule_apply_to_subcategories_id_seq; Type: SEQUENCE SET; Schema: public; Owner: offer_user
--

SELECT pg_catalog.setval('public.store_pricerule_apply_to_subcategories_id_seq', 4, true);


--
-- Name: store_pricerule_apply_to_variations_id_seq; Type: SEQUENCE SET; Schema: public; Owner: offer_user
--

SELECT pg_catalog.setval('public.store_pricerule_apply_to_variations_id_seq', 2, true);


--
-- Name: store_pricerule_exclude_products_id_seq; Type: SEQUENCE SET; Schema: public; Owner: offer_user
--

SELECT pg_catalog.setval('public.store_pricerule_exclude_products_id_seq', 1, false);


--
-- Name: store_pricerule_exclude_variations_id_seq; Type: SEQUENCE SET; Schema: public; Owner: offer_user
--

SELECT pg_catalog.setval('public.store_pricerule_exclude_variations_id_seq', 1, false);


--
-- Name: store_pricerule_id_seq; Type: SEQUENCE SET; Schema: public; Owner: offer_user
--

SELECT pg_catalog.setval('public.store_pricerule_id_seq', 1, true);


--
-- Name: store_product_id_seq; Type: SEQUENCE SET; Schema: public; Owner: offer_user
--

SELECT pg_catalog.setval('public.store_product_id_seq', 2, true);


--
-- Name: store_productvariation_id_seq; Type: SEQUENCE SET; Schema: public; Owner: offer_user
--

SELECT pg_catalog.setval('public.store_productvariation_id_seq', 2, true);


--
-- Name: store_size_id_seq; Type: SEQUENCE SET; Schema: public; Owner: offer_user
--

SELECT pg_catalog.setval('public.store_size_id_seq', 2, true);


--
-- Name: store_subcategory_id_seq; Type: SEQUENCE SET; Schema: public; Owner: offer_user
--

SELECT pg_catalog.setval('public.store_subcategory_id_seq', 4, true);


--
-- Name: store_vendor_id_seq; Type: SEQUENCE SET; Schema: public; Owner: offer_user
--

SELECT pg_catalog.setval('public.store_vendor_id_seq', 1, false);


--
-- Name: users_customuser_groups_id_seq; Type: SEQUENCE SET; Schema: public; Owner: offer_user
--

SELECT pg_catalog.setval('public.users_customuser_groups_id_seq', 1, false);


--
-- Name: users_customuser_id_seq; Type: SEQUENCE SET; Schema: public; Owner: offer_user
--

SELECT pg_catalog.setval('public.users_customuser_id_seq', 4, true);


--
-- Name: users_customuser_user_permissions_id_seq; Type: SEQUENCE SET; Schema: public; Owner: offer_user
--

SELECT pg_catalog.setval('public.users_customuser_user_permissions_id_seq', 1, false);


--
-- Name: users_wishlist_id_seq; Type: SEQUENCE SET; Schema: public; Owner: offer_user
--

SELECT pg_catalog.setval('public.users_wishlist_id_seq', 5, true);


--
-- Name: auth_group auth_group_name_key; Type: CONSTRAINT; Schema: public; Owner: offer_user
--

ALTER TABLE ONLY public.auth_group
    ADD CONSTRAINT auth_group_name_key UNIQUE (name);


--
-- Name: auth_group_permissions auth_group_permissions_group_id_permission_id_0cd325b0_uniq; Type: CONSTRAINT; Schema: public; Owner: offer_user
--

ALTER TABLE ONLY public.auth_group_permissions
    ADD CONSTRAINT auth_group_permissions_group_id_permission_id_0cd325b0_uniq UNIQUE (group_id, permission_id);


--
-- Name: auth_group_permissions auth_group_permissions_pkey; Type: CONSTRAINT; Schema: public; Owner: offer_user
--

ALTER TABLE ONLY public.auth_group_permissions
    ADD CONSTRAINT auth_group_permissions_pkey PRIMARY KEY (id);


--
-- Name: auth_group auth_group_pkey; Type: CONSTRAINT; Schema: public; Owner: offer_user
--

ALTER TABLE ONLY public.auth_group
    ADD CONSTRAINT auth_group_pkey PRIMARY KEY (id);


--
-- Name: auth_permission auth_permission_content_type_id_codename_01ab375a_uniq; Type: CONSTRAINT; Schema: public; Owner: offer_user
--

ALTER TABLE ONLY public.auth_permission
    ADD CONSTRAINT auth_permission_content_type_id_codename_01ab375a_uniq UNIQUE (content_type_id, codename);


--
-- Name: auth_permission auth_permission_pkey; Type: CONSTRAINT; Schema: public; Owner: offer_user
--

ALTER TABLE ONLY public.auth_permission
    ADD CONSTRAINT auth_permission_pkey PRIMARY KEY (id);


--
-- Name: cart_cart cart_cart_pkey; Type: CONSTRAINT; Schema: public; Owner: offer_user
--

ALTER TABLE ONLY public.cart_cart
    ADD CONSTRAINT cart_cart_pkey PRIMARY KEY (id);


--
-- Name: cart_cartitem cart_cartitem_pkey; Type: CONSTRAINT; Schema: public; Owner: offer_user
--

ALTER TABLE ONLY public.cart_cartitem
    ADD CONSTRAINT cart_cartitem_pkey PRIMARY KEY (id);


--
-- Name: django_admin_log django_admin_log_pkey; Type: CONSTRAINT; Schema: public; Owner: offer_user
--

ALTER TABLE ONLY public.django_admin_log
    ADD CONSTRAINT django_admin_log_pkey PRIMARY KEY (id);


--
-- Name: django_content_type django_content_type_app_label_model_76bd3d3b_uniq; Type: CONSTRAINT; Schema: public; Owner: offer_user
--

ALTER TABLE ONLY public.django_content_type
    ADD CONSTRAINT django_content_type_app_label_model_76bd3d3b_uniq UNIQUE (app_label, model);


--
-- Name: django_content_type django_content_type_pkey; Type: CONSTRAINT; Schema: public; Owner: offer_user
--

ALTER TABLE ONLY public.django_content_type
    ADD CONSTRAINT django_content_type_pkey PRIMARY KEY (id);


--
-- Name: django_migrations django_migrations_pkey; Type: CONSTRAINT; Schema: public; Owner: offer_user
--

ALTER TABLE ONLY public.django_migrations
    ADD CONSTRAINT django_migrations_pkey PRIMARY KEY (id);


--
-- Name: django_session django_session_pkey; Type: CONSTRAINT; Schema: public; Owner: offer_user
--

ALTER TABLE ONLY public.django_session
    ADD CONSTRAINT django_session_pkey PRIMARY KEY (session_key);


--
-- Name: orders_order orders_order_order_id_key; Type: CONSTRAINT; Schema: public; Owner: offer_user
--

ALTER TABLE ONLY public.orders_order
    ADD CONSTRAINT orders_order_order_id_key UNIQUE (order_id);


--
-- Name: orders_order orders_order_paypal_capture_id_key; Type: CONSTRAINT; Schema: public; Owner: offer_user
--

ALTER TABLE ONLY public.orders_order
    ADD CONSTRAINT orders_order_paypal_capture_id_key UNIQUE (paypal_capture_id);


--
-- Name: orders_order orders_order_paypal_order_id_key; Type: CONSTRAINT; Schema: public; Owner: offer_user
--

ALTER TABLE ONLY public.orders_order
    ADD CONSTRAINT orders_order_paypal_order_id_key UNIQUE (paypal_order_id);


--
-- Name: orders_order orders_order_pkey; Type: CONSTRAINT; Schema: public; Owner: offer_user
--

ALTER TABLE ONLY public.orders_order
    ADD CONSTRAINT orders_order_pkey PRIMARY KEY (id);


--
-- Name: orders_orderitem orders_orderitem_pkey; Type: CONSTRAINT; Schema: public; Owner: offer_user
--

ALTER TABLE ONLY public.orders_orderitem
    ADD CONSTRAINT orders_orderitem_pkey PRIMARY KEY (id);


--
-- Name: orders_refundmedia orders_refundmedia_pkey; Type: CONSTRAINT; Schema: public; Owner: offer_user
--

ALTER TABLE ONLY public.orders_refundmedia
    ADD CONSTRAINT orders_refundmedia_pkey PRIMARY KEY (id);


--
-- Name: orders_refundrequest orders_refundrequest_pkey; Type: CONSTRAINT; Schema: public; Owner: offer_user
--

ALTER TABLE ONLY public.orders_refundrequest
    ADD CONSTRAINT orders_refundrequest_pkey PRIMARY KEY (id);


--
-- Name: paypal_ipn paypal_ipn_pkey; Type: CONSTRAINT; Schema: public; Owner: offer_user
--

ALTER TABLE ONLY public.paypal_ipn
    ADD CONSTRAINT paypal_ipn_pkey PRIMARY KEY (id);


--
-- Name: store_boxsize store_boxsize_name_key; Type: CONSTRAINT; Schema: public; Owner: offer_user
--

ALTER TABLE ONLY public.store_boxsize
    ADD CONSTRAINT store_boxsize_name_key UNIQUE (name);


--
-- Name: store_boxsize store_boxsize_pkey; Type: CONSTRAINT; Schema: public; Owner: offer_user
--

ALTER TABLE ONLY public.store_boxsize
    ADD CONSTRAINT store_boxsize_pkey PRIMARY KEY (id);


--
-- Name: store_brand store_brand_pkey; Type: CONSTRAINT; Schema: public; Owner: offer_user
--

ALTER TABLE ONLY public.store_brand
    ADD CONSTRAINT store_brand_pkey PRIMARY KEY (id);


--
-- Name: store_category store_category_name_150032c6_uniq; Type: CONSTRAINT; Schema: public; Owner: offer_user
--

ALTER TABLE ONLY public.store_category
    ADD CONSTRAINT store_category_name_150032c6_uniq UNIQUE (name);


--
-- Name: store_category store_category_pkey; Type: CONSTRAINT; Schema: public; Owner: offer_user
--

ALTER TABLE ONLY public.store_category
    ADD CONSTRAINT store_category_pkey PRIMARY KEY (id);


--
-- Name: store_category store_category_slug_key; Type: CONSTRAINT; Schema: public; Owner: offer_user
--

ALTER TABLE ONLY public.store_category
    ADD CONSTRAINT store_category_slug_key UNIQUE (slug);


--
-- Name: store_pricelist store_pricelist_name_key; Type: CONSTRAINT; Schema: public; Owner: offer_user
--

ALTER TABLE ONLY public.store_pricelist
    ADD CONSTRAINT store_pricelist_name_key UNIQUE (name);


--
-- Name: store_pricelist store_pricelist_pkey; Type: CONSTRAINT; Schema: public; Owner: offer_user
--

ALTER TABLE ONLY public.store_pricelist
    ADD CONSTRAINT store_pricelist_pkey PRIMARY KEY (id);


--
-- Name: store_pricelist_product_variations store_pricelist_product__pricelist_id_productvari_dd2c0b6c_uniq; Type: CONSTRAINT; Schema: public; Owner: offer_user
--

ALTER TABLE ONLY public.store_pricelist_product_variations
    ADD CONSTRAINT store_pricelist_product__pricelist_id_productvari_dd2c0b6c_uniq UNIQUE (pricelist_id, productvariation_id);


--
-- Name: store_pricelist_product_variations store_pricelist_product_variations_pkey; Type: CONSTRAINT; Schema: public; Owner: offer_user
--

ALTER TABLE ONLY public.store_pricelist_product_variations
    ADD CONSTRAINT store_pricelist_product_variations_pkey PRIMARY KEY (id);


--
-- Name: store_pricelist_products store_pricelist_products_pkey; Type: CONSTRAINT; Schema: public; Owner: offer_user
--

ALTER TABLE ONLY public.store_pricelist_products
    ADD CONSTRAINT store_pricelist_products_pkey PRIMARY KEY (id);


--
-- Name: store_pricelist_products store_pricelist_products_pricelist_id_product_id_cefb6612_uniq; Type: CONSTRAINT; Schema: public; Owner: offer_user
--

ALTER TABLE ONLY public.store_pricelist_products
    ADD CONSTRAINT store_pricelist_products_pricelist_id_product_id_cefb6612_uniq UNIQUE (pricelist_id, product_id);


--
-- Name: store_pricerule_apply_to_categories store_pricerule_apply_to_categories_pkey; Type: CONSTRAINT; Schema: public; Owner: offer_user
--

ALTER TABLE ONLY public.store_pricerule_apply_to_categories
    ADD CONSTRAINT store_pricerule_apply_to_categories_pkey PRIMARY KEY (id);


--
-- Name: store_pricerule_apply_to_categories store_pricerule_apply_to_pricerule_id_category_id_3e569f59_uniq; Type: CONSTRAINT; Schema: public; Owner: offer_user
--

ALTER TABLE ONLY public.store_pricerule_apply_to_categories
    ADD CONSTRAINT store_pricerule_apply_to_pricerule_id_category_id_3e569f59_uniq UNIQUE (pricerule_id, category_id);


--
-- Name: store_pricerule_apply_to_products store_pricerule_apply_to_pricerule_id_product_id_6da41205_uniq; Type: CONSTRAINT; Schema: public; Owner: offer_user
--

ALTER TABLE ONLY public.store_pricerule_apply_to_products
    ADD CONSTRAINT store_pricerule_apply_to_pricerule_id_product_id_6da41205_uniq UNIQUE (pricerule_id, product_id);


--
-- Name: store_pricerule_apply_to_variations store_pricerule_apply_to_pricerule_id_productvari_de7ab8cc_uniq; Type: CONSTRAINT; Schema: public; Owner: offer_user
--

ALTER TABLE ONLY public.store_pricerule_apply_to_variations
    ADD CONSTRAINT store_pricerule_apply_to_pricerule_id_productvari_de7ab8cc_uniq UNIQUE (pricerule_id, productvariation_id);


--
-- Name: store_pricerule_apply_to_subcategories store_pricerule_apply_to_pricerule_id_subcategory_55b2c3cb_uniq; Type: CONSTRAINT; Schema: public; Owner: offer_user
--

ALTER TABLE ONLY public.store_pricerule_apply_to_subcategories
    ADD CONSTRAINT store_pricerule_apply_to_pricerule_id_subcategory_55b2c3cb_uniq UNIQUE (pricerule_id, subcategory_id);


--
-- Name: store_pricerule_apply_to_products store_pricerule_apply_to_products_pkey; Type: CONSTRAINT; Schema: public; Owner: offer_user
--

ALTER TABLE ONLY public.store_pricerule_apply_to_products
    ADD CONSTRAINT store_pricerule_apply_to_products_pkey PRIMARY KEY (id);


--
-- Name: store_pricerule_apply_to_subcategories store_pricerule_apply_to_subcategories_pkey; Type: CONSTRAINT; Schema: public; Owner: offer_user
--

ALTER TABLE ONLY public.store_pricerule_apply_to_subcategories
    ADD CONSTRAINT store_pricerule_apply_to_subcategories_pkey PRIMARY KEY (id);


--
-- Name: store_pricerule_apply_to_variations store_pricerule_apply_to_variations_pkey; Type: CONSTRAINT; Schema: public; Owner: offer_user
--

ALTER TABLE ONLY public.store_pricerule_apply_to_variations
    ADD CONSTRAINT store_pricerule_apply_to_variations_pkey PRIMARY KEY (id);


--
-- Name: store_pricerule_exclude_products store_pricerule_exclude__pricerule_id_product_id_84cb0129_uniq; Type: CONSTRAINT; Schema: public; Owner: offer_user
--

ALTER TABLE ONLY public.store_pricerule_exclude_products
    ADD CONSTRAINT store_pricerule_exclude__pricerule_id_product_id_84cb0129_uniq UNIQUE (pricerule_id, product_id);


--
-- Name: store_pricerule_exclude_variations store_pricerule_exclude__pricerule_id_productvari_5002c73d_uniq; Type: CONSTRAINT; Schema: public; Owner: offer_user
--

ALTER TABLE ONLY public.store_pricerule_exclude_variations
    ADD CONSTRAINT store_pricerule_exclude__pricerule_id_productvari_5002c73d_uniq UNIQUE (pricerule_id, productvariation_id);


--
-- Name: store_pricerule_exclude_products store_pricerule_exclude_products_pkey; Type: CONSTRAINT; Schema: public; Owner: offer_user
--

ALTER TABLE ONLY public.store_pricerule_exclude_products
    ADD CONSTRAINT store_pricerule_exclude_products_pkey PRIMARY KEY (id);


--
-- Name: store_pricerule_exclude_variations store_pricerule_exclude_variations_pkey; Type: CONSTRAINT; Schema: public; Owner: offer_user
--

ALTER TABLE ONLY public.store_pricerule_exclude_variations
    ADD CONSTRAINT store_pricerule_exclude_variations_pkey PRIMARY KEY (id);


--
-- Name: store_pricerule store_pricerule_name_key; Type: CONSTRAINT; Schema: public; Owner: offer_user
--

ALTER TABLE ONLY public.store_pricerule
    ADD CONSTRAINT store_pricerule_name_key UNIQUE (name);


--
-- Name: store_pricerule store_pricerule_pkey; Type: CONSTRAINT; Schema: public; Owner: offer_user
--

ALTER TABLE ONLY public.store_pricerule
    ADD CONSTRAINT store_pricerule_pkey PRIMARY KEY (id);


--
-- Name: store_product store_product_custom_sku_key; Type: CONSTRAINT; Schema: public; Owner: offer_user
--

ALTER TABLE ONLY public.store_product
    ADD CONSTRAINT store_product_custom_sku_key UNIQUE (custom_sku);


--
-- Name: store_product store_product_ean_key; Type: CONSTRAINT; Schema: public; Owner: offer_user
--

ALTER TABLE ONLY public.store_product
    ADD CONSTRAINT store_product_ean_key UNIQUE (ean);


--
-- Name: store_product store_product_pkey; Type: CONSTRAINT; Schema: public; Owner: offer_user
--

ALTER TABLE ONLY public.store_product
    ADD CONSTRAINT store_product_pkey PRIMARY KEY (id);


--
-- Name: store_product store_product_slug_key; Type: CONSTRAINT; Schema: public; Owner: offer_user
--

ALTER TABLE ONLY public.store_product
    ADD CONSTRAINT store_product_slug_key UNIQUE (slug);


--
-- Name: store_product store_product_system_id_key; Type: CONSTRAINT; Schema: public; Owner: offer_user
--

ALTER TABLE ONLY public.store_product
    ADD CONSTRAINT store_product_system_id_key UNIQUE (system_id);


--
-- Name: store_product store_product_upc_key; Type: CONSTRAINT; Schema: public; Owner: offer_user
--

ALTER TABLE ONLY public.store_product
    ADD CONSTRAINT store_product_upc_key UNIQUE (upc);


--
-- Name: store_productvariation store_productvariation_pkey; Type: CONSTRAINT; Schema: public; Owner: offer_user
--

ALTER TABLE ONLY public.store_productvariation
    ADD CONSTRAINT store_productvariation_pkey PRIMARY KEY (id);


--
-- Name: store_productvariation store_productvariation_variation_id_key; Type: CONSTRAINT; Schema: public; Owner: offer_user
--

ALTER TABLE ONLY public.store_productvariation
    ADD CONSTRAINT store_productvariation_variation_id_key UNIQUE (variation_id);


--
-- Name: store_size store_size_name_key; Type: CONSTRAINT; Schema: public; Owner: offer_user
--

ALTER TABLE ONLY public.store_size
    ADD CONSTRAINT store_size_name_key UNIQUE (name);


--
-- Name: store_size store_size_pkey; Type: CONSTRAINT; Schema: public; Owner: offer_user
--

ALTER TABLE ONLY public.store_size
    ADD CONSTRAINT store_size_pkey PRIMARY KEY (id);


--
-- Name: store_subcategory store_subcategory_pkey; Type: CONSTRAINT; Schema: public; Owner: offer_user
--

ALTER TABLE ONLY public.store_subcategory
    ADD CONSTRAINT store_subcategory_pkey PRIMARY KEY (id);


--
-- Name: store_subcategory store_subcategory_slug_key; Type: CONSTRAINT; Schema: public; Owner: offer_user
--

ALTER TABLE ONLY public.store_subcategory
    ADD CONSTRAINT store_subcategory_slug_key UNIQUE (slug);


--
-- Name: store_vendor store_vendor_name_key; Type: CONSTRAINT; Schema: public; Owner: offer_user
--

ALTER TABLE ONLY public.store_vendor
    ADD CONSTRAINT store_vendor_name_key UNIQUE (name);


--
-- Name: store_vendor store_vendor_pkey; Type: CONSTRAINT; Schema: public; Owner: offer_user
--

ALTER TABLE ONLY public.store_vendor
    ADD CONSTRAINT store_vendor_pkey PRIMARY KEY (id);


--
-- Name: users_customuser users_customuser_email_key; Type: CONSTRAINT; Schema: public; Owner: offer_user
--

ALTER TABLE ONLY public.users_customuser
    ADD CONSTRAINT users_customuser_email_key UNIQUE (email);


--
-- Name: users_customuser_groups users_customuser_groups_customuser_id_group_id_76b619e3_uniq; Type: CONSTRAINT; Schema: public; Owner: offer_user
--

ALTER TABLE ONLY public.users_customuser_groups
    ADD CONSTRAINT users_customuser_groups_customuser_id_group_id_76b619e3_uniq UNIQUE (customuser_id, group_id);


--
-- Name: users_customuser_groups users_customuser_groups_pkey; Type: CONSTRAINT; Schema: public; Owner: offer_user
--

ALTER TABLE ONLY public.users_customuser_groups
    ADD CONSTRAINT users_customuser_groups_pkey PRIMARY KEY (id);


--
-- Name: users_customuser users_customuser_phone_number_key; Type: CONSTRAINT; Schema: public; Owner: offer_user
--

ALTER TABLE ONLY public.users_customuser
    ADD CONSTRAINT users_customuser_phone_number_key UNIQUE (phone_number);


--
-- Name: users_customuser users_customuser_pkey; Type: CONSTRAINT; Schema: public; Owner: offer_user
--

ALTER TABLE ONLY public.users_customuser
    ADD CONSTRAINT users_customuser_pkey PRIMARY KEY (id);


--
-- Name: users_customuser_user_permissions users_customuser_user_pe_customuser_id_permission_7a7debf6_uniq; Type: CONSTRAINT; Schema: public; Owner: offer_user
--

ALTER TABLE ONLY public.users_customuser_user_permissions
    ADD CONSTRAINT users_customuser_user_pe_customuser_id_permission_7a7debf6_uniq UNIQUE (customuser_id, permission_id);


--
-- Name: users_customuser_user_permissions users_customuser_user_permissions_pkey; Type: CONSTRAINT; Schema: public; Owner: offer_user
--

ALTER TABLE ONLY public.users_customuser_user_permissions
    ADD CONSTRAINT users_customuser_user_permissions_pkey PRIMARY KEY (id);


--
-- Name: users_wishlist users_wishlist_pkey; Type: CONSTRAINT; Schema: public; Owner: offer_user
--

ALTER TABLE ONLY public.users_wishlist
    ADD CONSTRAINT users_wishlist_pkey PRIMARY KEY (id);


--
-- Name: auth_group_name_a6ea08ec_like; Type: INDEX; Schema: public; Owner: offer_user
--

CREATE INDEX auth_group_name_a6ea08ec_like ON public.auth_group USING btree (name varchar_pattern_ops);


--
-- Name: auth_group_permissions_group_id_b120cbf9; Type: INDEX; Schema: public; Owner: offer_user
--

CREATE INDEX auth_group_permissions_group_id_b120cbf9 ON public.auth_group_permissions USING btree (group_id);


--
-- Name: auth_group_permissions_permission_id_84c5c92e; Type: INDEX; Schema: public; Owner: offer_user
--

CREATE INDEX auth_group_permissions_permission_id_84c5c92e ON public.auth_group_permissions USING btree (permission_id);


--
-- Name: auth_permission_content_type_id_2f476e4b; Type: INDEX; Schema: public; Owner: offer_user
--

CREATE INDEX auth_permission_content_type_id_2f476e4b ON public.auth_permission USING btree (content_type_id);


--
-- Name: cart_cart_user_id_9b4220b9; Type: INDEX; Schema: public; Owner: offer_user
--

CREATE INDEX cart_cart_user_id_9b4220b9 ON public.cart_cart USING btree (user_id);


--
-- Name: cart_cartitem_cart_id_370ad265; Type: INDEX; Schema: public; Owner: offer_user
--

CREATE INDEX cart_cartitem_cart_id_370ad265 ON public.cart_cartitem USING btree (cart_id);


--
-- Name: cart_cartitem_product_id_b24e265a; Type: INDEX; Schema: public; Owner: offer_user
--

CREATE INDEX cart_cartitem_product_id_b24e265a ON public.cart_cartitem USING btree (product_id);


--
-- Name: cart_cartitem_product_variation_id_baaa3646; Type: INDEX; Schema: public; Owner: offer_user
--

CREATE INDEX cart_cartitem_product_variation_id_baaa3646 ON public.cart_cartitem USING btree (product_variation_id);


--
-- Name: django_admin_log_content_type_id_c4bce8eb; Type: INDEX; Schema: public; Owner: offer_user
--

CREATE INDEX django_admin_log_content_type_id_c4bce8eb ON public.django_admin_log USING btree (content_type_id);


--
-- Name: django_admin_log_user_id_c564eba6; Type: INDEX; Schema: public; Owner: offer_user
--

CREATE INDEX django_admin_log_user_id_c564eba6 ON public.django_admin_log USING btree (user_id);


--
-- Name: django_session_expire_date_a5c62663; Type: INDEX; Schema: public; Owner: offer_user
--

CREATE INDEX django_session_expire_date_a5c62663 ON public.django_session USING btree (expire_date);


--
-- Name: django_session_session_key_c0390e0f_like; Type: INDEX; Schema: public; Owner: offer_user
--

CREATE INDEX django_session_session_key_c0390e0f_like ON public.django_session USING btree (session_key varchar_pattern_ops);


--
-- Name: orders_order_paypal_capture_id_f8c90014_like; Type: INDEX; Schema: public; Owner: offer_user
--

CREATE INDEX orders_order_paypal_capture_id_f8c90014_like ON public.orders_order USING btree (paypal_capture_id varchar_pattern_ops);


--
-- Name: orders_order_paypal_order_id_098e87c3_like; Type: INDEX; Schema: public; Owner: offer_user
--

CREATE INDEX orders_order_paypal_order_id_098e87c3_like ON public.orders_order USING btree (paypal_order_id varchar_pattern_ops);


--
-- Name: orders_order_user_id_e9b59eb1; Type: INDEX; Schema: public; Owner: offer_user
--

CREATE INDEX orders_order_user_id_e9b59eb1 ON public.orders_order USING btree (user_id);


--
-- Name: orders_orderitem_order_id_fe61a34d; Type: INDEX; Schema: public; Owner: offer_user
--

CREATE INDEX orders_orderitem_order_id_fe61a34d ON public.orders_orderitem USING btree (order_id);


--
-- Name: orders_orderitem_product_id_afe4254a; Type: INDEX; Schema: public; Owner: offer_user
--

CREATE INDEX orders_orderitem_product_id_afe4254a ON public.orders_orderitem USING btree (product_id);


--
-- Name: orders_orderitem_product_variation_id_9535b45e; Type: INDEX; Schema: public; Owner: offer_user
--

CREATE INDEX orders_orderitem_product_variation_id_9535b45e ON public.orders_orderitem USING btree (product_variation_id);


--
-- Name: orders_refundmedia_refund_request_id_926a23ea; Type: INDEX; Schema: public; Owner: offer_user
--

CREATE INDEX orders_refundmedia_refund_request_id_926a23ea ON public.orders_refundmedia USING btree (refund_request_id);


--
-- Name: orders_refundrequest_order_id_395c6566; Type: INDEX; Schema: public; Owner: offer_user
--

CREATE INDEX orders_refundrequest_order_id_395c6566 ON public.orders_refundrequest USING btree (order_id);


--
-- Name: orders_refundrequest_order_item_id_909c06ac; Type: INDEX; Schema: public; Owner: offer_user
--

CREATE INDEX orders_refundrequest_order_item_id_909c06ac ON public.orders_refundrequest USING btree (order_item_id);


--
-- Name: orders_refundrequest_user_id_eafa212a; Type: INDEX; Schema: public; Owner: offer_user
--

CREATE INDEX orders_refundrequest_user_id_eafa212a ON public.orders_refundrequest USING btree (user_id);


--
-- Name: paypal_ipn_txn_id_8fa22c44; Type: INDEX; Schema: public; Owner: offer_user
--

CREATE INDEX paypal_ipn_txn_id_8fa22c44 ON public.paypal_ipn USING btree (txn_id);


--
-- Name: paypal_ipn_txn_id_8fa22c44_like; Type: INDEX; Schema: public; Owner: offer_user
--

CREATE INDEX paypal_ipn_txn_id_8fa22c44_like ON public.paypal_ipn USING btree (txn_id varchar_pattern_ops);


--
-- Name: store_boxsize_name_6e0e699b_like; Type: INDEX; Schema: public; Owner: offer_user
--

CREATE INDEX store_boxsize_name_6e0e699b_like ON public.store_boxsize USING btree (name varchar_pattern_ops);


--
-- Name: store_category_name_150032c6_like; Type: INDEX; Schema: public; Owner: offer_user
--

CREATE INDEX store_category_name_150032c6_like ON public.store_category USING btree (name varchar_pattern_ops);


--
-- Name: store_category_parent_id_a6e736ff; Type: INDEX; Schema: public; Owner: offer_user
--

CREATE INDEX store_category_parent_id_a6e736ff ON public.store_category USING btree (parent_id);


--
-- Name: store_category_slug_2d349264_like; Type: INDEX; Schema: public; Owner: offer_user
--

CREATE INDEX store_category_slug_2d349264_like ON public.store_category USING btree (slug varchar_pattern_ops);


--
-- Name: store_category_tree_id_e788f215; Type: INDEX; Schema: public; Owner: offer_user
--

CREATE INDEX store_category_tree_id_e788f215 ON public.store_category USING btree (tree_id);


--
-- Name: store_pricelist_name_3264c472_like; Type: INDEX; Schema: public; Owner: offer_user
--

CREATE INDEX store_pricelist_name_3264c472_like ON public.store_pricelist USING btree (name varchar_pattern_ops);


--
-- Name: store_pricelist_product_variations_pricelist_id_33a8d82b; Type: INDEX; Schema: public; Owner: offer_user
--

CREATE INDEX store_pricelist_product_variations_pricelist_id_33a8d82b ON public.store_pricelist_product_variations USING btree (pricelist_id);


--
-- Name: store_pricelist_product_variations_productvariation_id_0eab71c4; Type: INDEX; Schema: public; Owner: offer_user
--

CREATE INDEX store_pricelist_product_variations_productvariation_id_0eab71c4 ON public.store_pricelist_product_variations USING btree (productvariation_id);


--
-- Name: store_pricelist_products_pricelist_id_e34b82bd; Type: INDEX; Schema: public; Owner: offer_user
--

CREATE INDEX store_pricelist_products_pricelist_id_e34b82bd ON public.store_pricelist_products USING btree (pricelist_id);


--
-- Name: store_pricelist_products_product_id_f1df8cc0; Type: INDEX; Schema: public; Owner: offer_user
--

CREATE INDEX store_pricelist_products_product_id_f1df8cc0 ON public.store_pricelist_products USING btree (product_id);


--
-- Name: store_pricerule_apply_to_categories_category_id_de8f4567; Type: INDEX; Schema: public; Owner: offer_user
--

CREATE INDEX store_pricerule_apply_to_categories_category_id_de8f4567 ON public.store_pricerule_apply_to_categories USING btree (category_id);


--
-- Name: store_pricerule_apply_to_categories_pricerule_id_e3c78a7c; Type: INDEX; Schema: public; Owner: offer_user
--

CREATE INDEX store_pricerule_apply_to_categories_pricerule_id_e3c78a7c ON public.store_pricerule_apply_to_categories USING btree (pricerule_id);


--
-- Name: store_pricerule_apply_to_price_list_id_bb368c56; Type: INDEX; Schema: public; Owner: offer_user
--

CREATE INDEX store_pricerule_apply_to_price_list_id_bb368c56 ON public.store_pricerule USING btree (apply_to_price_list_id);


--
-- Name: store_pricerule_apply_to_products_pricerule_id_66b66f82; Type: INDEX; Schema: public; Owner: offer_user
--

CREATE INDEX store_pricerule_apply_to_products_pricerule_id_66b66f82 ON public.store_pricerule_apply_to_products USING btree (pricerule_id);


--
-- Name: store_pricerule_apply_to_products_product_id_eb5813b5; Type: INDEX; Schema: public; Owner: offer_user
--

CREATE INDEX store_pricerule_apply_to_products_product_id_eb5813b5 ON public.store_pricerule_apply_to_products USING btree (product_id);


--
-- Name: store_pricerule_apply_to_subcategories_pricerule_id_123fa3eb; Type: INDEX; Schema: public; Owner: offer_user
--

CREATE INDEX store_pricerule_apply_to_subcategories_pricerule_id_123fa3eb ON public.store_pricerule_apply_to_subcategories USING btree (pricerule_id);


--
-- Name: store_pricerule_apply_to_subcategories_subcategory_id_b12fda92; Type: INDEX; Schema: public; Owner: offer_user
--

CREATE INDEX store_pricerule_apply_to_subcategories_subcategory_id_b12fda92 ON public.store_pricerule_apply_to_subcategories USING btree (subcategory_id);


--
-- Name: store_pricerule_apply_to_v_productvariation_id_bd73448f; Type: INDEX; Schema: public; Owner: offer_user
--

CREATE INDEX store_pricerule_apply_to_v_productvariation_id_bd73448f ON public.store_pricerule_apply_to_variations USING btree (productvariation_id);


--
-- Name: store_pricerule_apply_to_variations_pricerule_id_0a74e408; Type: INDEX; Schema: public; Owner: offer_user
--

CREATE INDEX store_pricerule_apply_to_variations_pricerule_id_0a74e408 ON public.store_pricerule_apply_to_variations USING btree (pricerule_id);


--
-- Name: store_pricerule_exclude_products_pricerule_id_67a76f9c; Type: INDEX; Schema: public; Owner: offer_user
--

CREATE INDEX store_pricerule_exclude_products_pricerule_id_67a76f9c ON public.store_pricerule_exclude_products USING btree (pricerule_id);


--
-- Name: store_pricerule_exclude_products_product_id_207184d0; Type: INDEX; Schema: public; Owner: offer_user
--

CREATE INDEX store_pricerule_exclude_products_product_id_207184d0 ON public.store_pricerule_exclude_products USING btree (product_id);


--
-- Name: store_pricerule_exclude_variations_pricerule_id_0a61218d; Type: INDEX; Schema: public; Owner: offer_user
--

CREATE INDEX store_pricerule_exclude_variations_pricerule_id_0a61218d ON public.store_pricerule_exclude_variations USING btree (pricerule_id);


--
-- Name: store_pricerule_exclude_variations_productvariation_id_bd4ff0c4; Type: INDEX; Schema: public; Owner: offer_user
--

CREATE INDEX store_pricerule_exclude_variations_productvariation_id_bd4ff0c4 ON public.store_pricerule_exclude_variations USING btree (productvariation_id);


--
-- Name: store_pricerule_name_e1eddd3e_like; Type: INDEX; Schema: public; Owner: offer_user
--

CREATE INDEX store_pricerule_name_e1eddd3e_like ON public.store_pricerule USING btree (name varchar_pattern_ops);


--
-- Name: store_product_brand_id_ec9e66ab; Type: INDEX; Schema: public; Owner: offer_user
--

CREATE INDEX store_product_brand_id_ec9e66ab ON public.store_product USING btree (brand_id);


--
-- Name: store_product_category_id_574bae65; Type: INDEX; Schema: public; Owner: offer_user
--

CREATE INDEX store_product_category_id_574bae65 ON public.store_product USING btree (category_id);


--
-- Name: store_product_custom_sku_9b3adb52_like; Type: INDEX; Schema: public; Owner: offer_user
--

CREATE INDEX store_product_custom_sku_9b3adb52_like ON public.store_product USING btree (custom_sku varchar_pattern_ops);


--
-- Name: store_product_ean_311fa38e_like; Type: INDEX; Schema: public; Owner: offer_user
--

CREATE INDEX store_product_ean_311fa38e_like ON public.store_product USING btree (ean varchar_pattern_ops);


--
-- Name: store_product_slug_6de8ee4b_like; Type: INDEX; Schema: public; Owner: offer_user
--

CREATE INDEX store_product_slug_6de8ee4b_like ON public.store_product USING btree (slug varchar_pattern_ops);


--
-- Name: store_product_subcategory_id_4a875c72; Type: INDEX; Schema: public; Owner: offer_user
--

CREATE INDEX store_product_subcategory_id_4a875c72 ON public.store_product USING btree (subcategory_id);


--
-- Name: store_product_system_id_09895a11_like; Type: INDEX; Schema: public; Owner: offer_user
--

CREATE INDEX store_product_system_id_09895a11_like ON public.store_product USING btree (system_id varchar_pattern_ops);


--
-- Name: store_product_upc_4a1a0725_like; Type: INDEX; Schema: public; Owner: offer_user
--

CREATE INDEX store_product_upc_4a1a0725_like ON public.store_product USING btree (upc varchar_pattern_ops);


--
-- Name: store_product_vendor_id_f9abf9af; Type: INDEX; Schema: public; Owner: offer_user
--

CREATE INDEX store_product_vendor_id_f9abf9af ON public.store_product USING btree (vendor_id);


--
-- Name: store_productvariation_product_id_279b7a52; Type: INDEX; Schema: public; Owner: offer_user
--

CREATE INDEX store_productvariation_product_id_279b7a52 ON public.store_productvariation USING btree (product_id);


--
-- Name: store_productvariation_size_id_2629a519; Type: INDEX; Schema: public; Owner: offer_user
--

CREATE INDEX store_productvariation_size_id_2629a519 ON public.store_productvariation USING btree (size_id);


--
-- Name: store_productvariation_variation_id_b3f0f285_like; Type: INDEX; Schema: public; Owner: offer_user
--

CREATE INDEX store_productvariation_variation_id_b3f0f285_like ON public.store_productvariation USING btree (variation_id varchar_pattern_ops);


--
-- Name: store_size_name_2f9b3ce9_like; Type: INDEX; Schema: public; Owner: offer_user
--

CREATE INDEX store_size_name_2f9b3ce9_like ON public.store_size USING btree (name varchar_pattern_ops);


--
-- Name: store_subcategory_category_id_c0eefd44; Type: INDEX; Schema: public; Owner: offer_user
--

CREATE INDEX store_subcategory_category_id_c0eefd44 ON public.store_subcategory USING btree (category_id);


--
-- Name: store_subcategory_parent_id_8332a1e9; Type: INDEX; Schema: public; Owner: offer_user
--

CREATE INDEX store_subcategory_parent_id_8332a1e9 ON public.store_subcategory USING btree (parent_id);


--
-- Name: store_subcategory_slug_c7e435fe_like; Type: INDEX; Schema: public; Owner: offer_user
--

CREATE INDEX store_subcategory_slug_c7e435fe_like ON public.store_subcategory USING btree (slug varchar_pattern_ops);


--
-- Name: store_vendor_name_dc613906_like; Type: INDEX; Schema: public; Owner: offer_user
--

CREATE INDEX store_vendor_name_dc613906_like ON public.store_vendor USING btree (name varchar_pattern_ops);


--
-- Name: users_customuser_email_6445acef_like; Type: INDEX; Schema: public; Owner: offer_user
--

CREATE INDEX users_customuser_email_6445acef_like ON public.users_customuser USING btree (email varchar_pattern_ops);


--
-- Name: users_customuser_groups_customuser_id_958147bf; Type: INDEX; Schema: public; Owner: offer_user
--

CREATE INDEX users_customuser_groups_customuser_id_958147bf ON public.users_customuser_groups USING btree (customuser_id);


--
-- Name: users_customuser_groups_group_id_01390b14; Type: INDEX; Schema: public; Owner: offer_user
--

CREATE INDEX users_customuser_groups_group_id_01390b14 ON public.users_customuser_groups USING btree (group_id);


--
-- Name: users_customuser_phone_number_c8ef076b_like; Type: INDEX; Schema: public; Owner: offer_user
--

CREATE INDEX users_customuser_phone_number_c8ef076b_like ON public.users_customuser USING btree (phone_number varchar_pattern_ops);


--
-- Name: users_customuser_user_permissions_customuser_id_5771478b; Type: INDEX; Schema: public; Owner: offer_user
--

CREATE INDEX users_customuser_user_permissions_customuser_id_5771478b ON public.users_customuser_user_permissions USING btree (customuser_id);


--
-- Name: users_customuser_user_permissions_permission_id_baaa2f74; Type: INDEX; Schema: public; Owner: offer_user
--

CREATE INDEX users_customuser_user_permissions_permission_id_baaa2f74 ON public.users_customuser_user_permissions USING btree (permission_id);


--
-- Name: users_wishlist_product_id_dcf62154; Type: INDEX; Schema: public; Owner: offer_user
--

CREATE INDEX users_wishlist_product_id_dcf62154 ON public.users_wishlist USING btree (product_id);


--
-- Name: users_wishlist_user_id_6507553e; Type: INDEX; Schema: public; Owner: offer_user
--

CREATE INDEX users_wishlist_user_id_6507553e ON public.users_wishlist USING btree (user_id);


--
-- Name: auth_group_permissions auth_group_permissio_permission_id_84c5c92e_fk_auth_perm; Type: FK CONSTRAINT; Schema: public; Owner: offer_user
--

ALTER TABLE ONLY public.auth_group_permissions
    ADD CONSTRAINT auth_group_permissio_permission_id_84c5c92e_fk_auth_perm FOREIGN KEY (permission_id) REFERENCES public.auth_permission(id) DEFERRABLE INITIALLY DEFERRED;


--
-- Name: auth_group_permissions auth_group_permissions_group_id_b120cbf9_fk_auth_group_id; Type: FK CONSTRAINT; Schema: public; Owner: offer_user
--

ALTER TABLE ONLY public.auth_group_permissions
    ADD CONSTRAINT auth_group_permissions_group_id_b120cbf9_fk_auth_group_id FOREIGN KEY (group_id) REFERENCES public.auth_group(id) DEFERRABLE INITIALLY DEFERRED;


--
-- Name: auth_permission auth_permission_content_type_id_2f476e4b_fk_django_co; Type: FK CONSTRAINT; Schema: public; Owner: offer_user
--

ALTER TABLE ONLY public.auth_permission
    ADD CONSTRAINT auth_permission_content_type_id_2f476e4b_fk_django_co FOREIGN KEY (content_type_id) REFERENCES public.django_content_type(id) DEFERRABLE INITIALLY DEFERRED;


--
-- Name: cart_cart cart_cart_user_id_9b4220b9_fk_users_customuser_id; Type: FK CONSTRAINT; Schema: public; Owner: offer_user
--

ALTER TABLE ONLY public.cart_cart
    ADD CONSTRAINT cart_cart_user_id_9b4220b9_fk_users_customuser_id FOREIGN KEY (user_id) REFERENCES public.users_customuser(id) DEFERRABLE INITIALLY DEFERRED;


--
-- Name: cart_cartitem cart_cartitem_cart_id_370ad265_fk_cart_cart_id; Type: FK CONSTRAINT; Schema: public; Owner: offer_user
--

ALTER TABLE ONLY public.cart_cartitem
    ADD CONSTRAINT cart_cartitem_cart_id_370ad265_fk_cart_cart_id FOREIGN KEY (cart_id) REFERENCES public.cart_cart(id) DEFERRABLE INITIALLY DEFERRED;


--
-- Name: cart_cartitem cart_cartitem_product_id_b24e265a_fk_store_product_id; Type: FK CONSTRAINT; Schema: public; Owner: offer_user
--

ALTER TABLE ONLY public.cart_cartitem
    ADD CONSTRAINT cart_cartitem_product_id_b24e265a_fk_store_product_id FOREIGN KEY (product_id) REFERENCES public.store_product(id) DEFERRABLE INITIALLY DEFERRED;


--
-- Name: cart_cartitem cart_cartitem_product_variation_id_baaa3646_fk_store_pro; Type: FK CONSTRAINT; Schema: public; Owner: offer_user
--

ALTER TABLE ONLY public.cart_cartitem
    ADD CONSTRAINT cart_cartitem_product_variation_id_baaa3646_fk_store_pro FOREIGN KEY (product_variation_id) REFERENCES public.store_productvariation(id) DEFERRABLE INITIALLY DEFERRED;


--
-- Name: django_admin_log django_admin_log_content_type_id_c4bce8eb_fk_django_co; Type: FK CONSTRAINT; Schema: public; Owner: offer_user
--

ALTER TABLE ONLY public.django_admin_log
    ADD CONSTRAINT django_admin_log_content_type_id_c4bce8eb_fk_django_co FOREIGN KEY (content_type_id) REFERENCES public.django_content_type(id) DEFERRABLE INITIALLY DEFERRED;


--
-- Name: django_admin_log django_admin_log_user_id_c564eba6_fk_users_customuser_id; Type: FK CONSTRAINT; Schema: public; Owner: offer_user
--

ALTER TABLE ONLY public.django_admin_log
    ADD CONSTRAINT django_admin_log_user_id_c564eba6_fk_users_customuser_id FOREIGN KEY (user_id) REFERENCES public.users_customuser(id) DEFERRABLE INITIALLY DEFERRED;


--
-- Name: orders_order orders_order_user_id_e9b59eb1_fk_users_customuser_id; Type: FK CONSTRAINT; Schema: public; Owner: offer_user
--

ALTER TABLE ONLY public.orders_order
    ADD CONSTRAINT orders_order_user_id_e9b59eb1_fk_users_customuser_id FOREIGN KEY (user_id) REFERENCES public.users_customuser(id) DEFERRABLE INITIALLY DEFERRED;


--
-- Name: orders_orderitem orders_orderitem_order_id_fe61a34d_fk_orders_order_id; Type: FK CONSTRAINT; Schema: public; Owner: offer_user
--

ALTER TABLE ONLY public.orders_orderitem
    ADD CONSTRAINT orders_orderitem_order_id_fe61a34d_fk_orders_order_id FOREIGN KEY (order_id) REFERENCES public.orders_order(id) DEFERRABLE INITIALLY DEFERRED;


--
-- Name: orders_orderitem orders_orderitem_product_id_afe4254a_fk_store_product_id; Type: FK CONSTRAINT; Schema: public; Owner: offer_user
--

ALTER TABLE ONLY public.orders_orderitem
    ADD CONSTRAINT orders_orderitem_product_id_afe4254a_fk_store_product_id FOREIGN KEY (product_id) REFERENCES public.store_product(id) DEFERRABLE INITIALLY DEFERRED;


--
-- Name: orders_orderitem orders_orderitem_product_variation_id_9535b45e_fk_store_pro; Type: FK CONSTRAINT; Schema: public; Owner: offer_user
--

ALTER TABLE ONLY public.orders_orderitem
    ADD CONSTRAINT orders_orderitem_product_variation_id_9535b45e_fk_store_pro FOREIGN KEY (product_variation_id) REFERENCES public.store_productvariation(id) DEFERRABLE INITIALLY DEFERRED;


--
-- Name: orders_refundmedia orders_refundmedia_refund_request_id_926a23ea_fk_orders_re; Type: FK CONSTRAINT; Schema: public; Owner: offer_user
--

ALTER TABLE ONLY public.orders_refundmedia
    ADD CONSTRAINT orders_refundmedia_refund_request_id_926a23ea_fk_orders_re FOREIGN KEY (refund_request_id) REFERENCES public.orders_refundrequest(id) DEFERRABLE INITIALLY DEFERRED;


--
-- Name: orders_refundrequest orders_refundrequest_order_id_395c6566_fk_orders_order_id; Type: FK CONSTRAINT; Schema: public; Owner: offer_user
--

ALTER TABLE ONLY public.orders_refundrequest
    ADD CONSTRAINT orders_refundrequest_order_id_395c6566_fk_orders_order_id FOREIGN KEY (order_id) REFERENCES public.orders_order(id) DEFERRABLE INITIALLY DEFERRED;


--
-- Name: orders_refundrequest orders_refundrequest_order_item_id_909c06ac_fk_orders_or; Type: FK CONSTRAINT; Schema: public; Owner: offer_user
--

ALTER TABLE ONLY public.orders_refundrequest
    ADD CONSTRAINT orders_refundrequest_order_item_id_909c06ac_fk_orders_or FOREIGN KEY (order_item_id) REFERENCES public.orders_orderitem(id) DEFERRABLE INITIALLY DEFERRED;


--
-- Name: orders_refundrequest orders_refundrequest_user_id_eafa212a_fk_users_customuser_id; Type: FK CONSTRAINT; Schema: public; Owner: offer_user
--

ALTER TABLE ONLY public.orders_refundrequest
    ADD CONSTRAINT orders_refundrequest_user_id_eafa212a_fk_users_customuser_id FOREIGN KEY (user_id) REFERENCES public.users_customuser(id) DEFERRABLE INITIALLY DEFERRED;


--
-- Name: store_category store_category_parent_id_a6e736ff_fk_store_category_id; Type: FK CONSTRAINT; Schema: public; Owner: offer_user
--

ALTER TABLE ONLY public.store_category
    ADD CONSTRAINT store_category_parent_id_a6e736ff_fk_store_category_id FOREIGN KEY (parent_id) REFERENCES public.store_category(id) DEFERRABLE INITIALLY DEFERRED;


--
-- Name: store_pricelist_product_variations store_pricelist_prod_pricelist_id_33a8d82b_fk_store_pri; Type: FK CONSTRAINT; Schema: public; Owner: offer_user
--

ALTER TABLE ONLY public.store_pricelist_product_variations
    ADD CONSTRAINT store_pricelist_prod_pricelist_id_33a8d82b_fk_store_pri FOREIGN KEY (pricelist_id) REFERENCES public.store_pricelist(id) DEFERRABLE INITIALLY DEFERRED;


--
-- Name: store_pricelist_products store_pricelist_prod_pricelist_id_e34b82bd_fk_store_pri; Type: FK CONSTRAINT; Schema: public; Owner: offer_user
--

ALTER TABLE ONLY public.store_pricelist_products
    ADD CONSTRAINT store_pricelist_prod_pricelist_id_e34b82bd_fk_store_pri FOREIGN KEY (pricelist_id) REFERENCES public.store_pricelist(id) DEFERRABLE INITIALLY DEFERRED;


--
-- Name: store_pricelist_products store_pricelist_prod_product_id_f1df8cc0_fk_store_pro; Type: FK CONSTRAINT; Schema: public; Owner: offer_user
--

ALTER TABLE ONLY public.store_pricelist_products
    ADD CONSTRAINT store_pricelist_prod_product_id_f1df8cc0_fk_store_pro FOREIGN KEY (product_id) REFERENCES public.store_product(id) DEFERRABLE INITIALLY DEFERRED;


--
-- Name: store_pricelist_product_variations store_pricelist_prod_productvariation_id_0eab71c4_fk_store_pro; Type: FK CONSTRAINT; Schema: public; Owner: offer_user
--

ALTER TABLE ONLY public.store_pricelist_product_variations
    ADD CONSTRAINT store_pricelist_prod_productvariation_id_0eab71c4_fk_store_pro FOREIGN KEY (productvariation_id) REFERENCES public.store_productvariation(id) DEFERRABLE INITIALLY DEFERRED;


--
-- Name: store_pricerule_apply_to_categories store_pricerule_appl_category_id_de8f4567_fk_store_cat; Type: FK CONSTRAINT; Schema: public; Owner: offer_user
--

ALTER TABLE ONLY public.store_pricerule_apply_to_categories
    ADD CONSTRAINT store_pricerule_appl_category_id_de8f4567_fk_store_cat FOREIGN KEY (category_id) REFERENCES public.store_category(id) DEFERRABLE INITIALLY DEFERRED;


--
-- Name: store_pricerule_apply_to_variations store_pricerule_appl_pricerule_id_0a74e408_fk_store_pri; Type: FK CONSTRAINT; Schema: public; Owner: offer_user
--

ALTER TABLE ONLY public.store_pricerule_apply_to_variations
    ADD CONSTRAINT store_pricerule_appl_pricerule_id_0a74e408_fk_store_pri FOREIGN KEY (pricerule_id) REFERENCES public.store_pricerule(id) DEFERRABLE INITIALLY DEFERRED;


--
-- Name: store_pricerule_apply_to_subcategories store_pricerule_appl_pricerule_id_123fa3eb_fk_store_pri; Type: FK CONSTRAINT; Schema: public; Owner: offer_user
--

ALTER TABLE ONLY public.store_pricerule_apply_to_subcategories
    ADD CONSTRAINT store_pricerule_appl_pricerule_id_123fa3eb_fk_store_pri FOREIGN KEY (pricerule_id) REFERENCES public.store_pricerule(id) DEFERRABLE INITIALLY DEFERRED;


--
-- Name: store_pricerule_apply_to_products store_pricerule_appl_pricerule_id_66b66f82_fk_store_pri; Type: FK CONSTRAINT; Schema: public; Owner: offer_user
--

ALTER TABLE ONLY public.store_pricerule_apply_to_products
    ADD CONSTRAINT store_pricerule_appl_pricerule_id_66b66f82_fk_store_pri FOREIGN KEY (pricerule_id) REFERENCES public.store_pricerule(id) DEFERRABLE INITIALLY DEFERRED;


--
-- Name: store_pricerule_apply_to_categories store_pricerule_appl_pricerule_id_e3c78a7c_fk_store_pri; Type: FK CONSTRAINT; Schema: public; Owner: offer_user
--

ALTER TABLE ONLY public.store_pricerule_apply_to_categories
    ADD CONSTRAINT store_pricerule_appl_pricerule_id_e3c78a7c_fk_store_pri FOREIGN KEY (pricerule_id) REFERENCES public.store_pricerule(id) DEFERRABLE INITIALLY DEFERRED;


--
-- Name: store_pricerule_apply_to_products store_pricerule_appl_product_id_eb5813b5_fk_store_pro; Type: FK CONSTRAINT; Schema: public; Owner: offer_user
--

ALTER TABLE ONLY public.store_pricerule_apply_to_products
    ADD CONSTRAINT store_pricerule_appl_product_id_eb5813b5_fk_store_pro FOREIGN KEY (product_id) REFERENCES public.store_product(id) DEFERRABLE INITIALLY DEFERRED;


--
-- Name: store_pricerule_apply_to_variations store_pricerule_appl_productvariation_id_bd73448f_fk_store_pro; Type: FK CONSTRAINT; Schema: public; Owner: offer_user
--

ALTER TABLE ONLY public.store_pricerule_apply_to_variations
    ADD CONSTRAINT store_pricerule_appl_productvariation_id_bd73448f_fk_store_pro FOREIGN KEY (productvariation_id) REFERENCES public.store_productvariation(id) DEFERRABLE INITIALLY DEFERRED;


--
-- Name: store_pricerule_apply_to_subcategories store_pricerule_appl_subcategory_id_b12fda92_fk_store_sub; Type: FK CONSTRAINT; Schema: public; Owner: offer_user
--

ALTER TABLE ONLY public.store_pricerule_apply_to_subcategories
    ADD CONSTRAINT store_pricerule_appl_subcategory_id_b12fda92_fk_store_sub FOREIGN KEY (subcategory_id) REFERENCES public.store_subcategory(id) DEFERRABLE INITIALLY DEFERRED;


--
-- Name: store_pricerule store_pricerule_apply_to_price_list__bb368c56_fk_store_pri; Type: FK CONSTRAINT; Schema: public; Owner: offer_user
--

ALTER TABLE ONLY public.store_pricerule
    ADD CONSTRAINT store_pricerule_apply_to_price_list__bb368c56_fk_store_pri FOREIGN KEY (apply_to_price_list_id) REFERENCES public.store_pricelist(id) DEFERRABLE INITIALLY DEFERRED;


--
-- Name: store_pricerule_exclude_variations store_pricerule_excl_pricerule_id_0a61218d_fk_store_pri; Type: FK CONSTRAINT; Schema: public; Owner: offer_user
--

ALTER TABLE ONLY public.store_pricerule_exclude_variations
    ADD CONSTRAINT store_pricerule_excl_pricerule_id_0a61218d_fk_store_pri FOREIGN KEY (pricerule_id) REFERENCES public.store_pricerule(id) DEFERRABLE INITIALLY DEFERRED;


--
-- Name: store_pricerule_exclude_products store_pricerule_excl_pricerule_id_67a76f9c_fk_store_pri; Type: FK CONSTRAINT; Schema: public; Owner: offer_user
--

ALTER TABLE ONLY public.store_pricerule_exclude_products
    ADD CONSTRAINT store_pricerule_excl_pricerule_id_67a76f9c_fk_store_pri FOREIGN KEY (pricerule_id) REFERENCES public.store_pricerule(id) DEFERRABLE INITIALLY DEFERRED;


--
-- Name: store_pricerule_exclude_products store_pricerule_excl_product_id_207184d0_fk_store_pro; Type: FK CONSTRAINT; Schema: public; Owner: offer_user
--

ALTER TABLE ONLY public.store_pricerule_exclude_products
    ADD CONSTRAINT store_pricerule_excl_product_id_207184d0_fk_store_pro FOREIGN KEY (product_id) REFERENCES public.store_product(id) DEFERRABLE INITIALLY DEFERRED;


--
-- Name: store_pricerule_exclude_variations store_pricerule_excl_productvariation_id_bd4ff0c4_fk_store_pro; Type: FK CONSTRAINT; Schema: public; Owner: offer_user
--

ALTER TABLE ONLY public.store_pricerule_exclude_variations
    ADD CONSTRAINT store_pricerule_excl_productvariation_id_bd4ff0c4_fk_store_pro FOREIGN KEY (productvariation_id) REFERENCES public.store_productvariation(id) DEFERRABLE INITIALLY DEFERRED;


--
-- Name: store_product store_product_brand_id_ec9e66ab_fk_store_brand_id; Type: FK CONSTRAINT; Schema: public; Owner: offer_user
--

ALTER TABLE ONLY public.store_product
    ADD CONSTRAINT store_product_brand_id_ec9e66ab_fk_store_brand_id FOREIGN KEY (brand_id) REFERENCES public.store_brand(id) DEFERRABLE INITIALLY DEFERRED;


--
-- Name: store_product store_product_category_id_574bae65_fk_store_category_id; Type: FK CONSTRAINT; Schema: public; Owner: offer_user
--

ALTER TABLE ONLY public.store_product
    ADD CONSTRAINT store_product_category_id_574bae65_fk_store_category_id FOREIGN KEY (category_id) REFERENCES public.store_category(id) DEFERRABLE INITIALLY DEFERRED;


--
-- Name: store_product store_product_subcategory_id_4a875c72_fk_store_subcategory_id; Type: FK CONSTRAINT; Schema: public; Owner: offer_user
--

ALTER TABLE ONLY public.store_product
    ADD CONSTRAINT store_product_subcategory_id_4a875c72_fk_store_subcategory_id FOREIGN KEY (subcategory_id) REFERENCES public.store_subcategory(id) DEFERRABLE INITIALLY DEFERRED;


--
-- Name: store_product store_product_vendor_id_f9abf9af_fk_store_vendor_id; Type: FK CONSTRAINT; Schema: public; Owner: offer_user
--

ALTER TABLE ONLY public.store_product
    ADD CONSTRAINT store_product_vendor_id_f9abf9af_fk_store_vendor_id FOREIGN KEY (vendor_id) REFERENCES public.store_vendor(id) DEFERRABLE INITIALLY DEFERRED;


--
-- Name: store_productvariation store_productvariation_product_id_279b7a52_fk_store_product_id; Type: FK CONSTRAINT; Schema: public; Owner: offer_user
--

ALTER TABLE ONLY public.store_productvariation
    ADD CONSTRAINT store_productvariation_product_id_279b7a52_fk_store_product_id FOREIGN KEY (product_id) REFERENCES public.store_product(id) DEFERRABLE INITIALLY DEFERRED;


--
-- Name: store_productvariation store_productvariation_size_id_2629a519_fk_store_size_id; Type: FK CONSTRAINT; Schema: public; Owner: offer_user
--

ALTER TABLE ONLY public.store_productvariation
    ADD CONSTRAINT store_productvariation_size_id_2629a519_fk_store_size_id FOREIGN KEY (size_id) REFERENCES public.store_size(id) DEFERRABLE INITIALLY DEFERRED;


--
-- Name: store_subcategory store_subcategory_category_id_c0eefd44_fk_store_category_id; Type: FK CONSTRAINT; Schema: public; Owner: offer_user
--

ALTER TABLE ONLY public.store_subcategory
    ADD CONSTRAINT store_subcategory_category_id_c0eefd44_fk_store_category_id FOREIGN KEY (category_id) REFERENCES public.store_category(id) DEFERRABLE INITIALLY DEFERRED;


--
-- Name: store_subcategory store_subcategory_parent_id_8332a1e9_fk_store_subcategory_id; Type: FK CONSTRAINT; Schema: public; Owner: offer_user
--

ALTER TABLE ONLY public.store_subcategory
    ADD CONSTRAINT store_subcategory_parent_id_8332a1e9_fk_store_subcategory_id FOREIGN KEY (parent_id) REFERENCES public.store_subcategory(id) DEFERRABLE INITIALLY DEFERRED;


--
-- Name: users_customuser_groups users_customuser_gro_customuser_id_958147bf_fk_users_cus; Type: FK CONSTRAINT; Schema: public; Owner: offer_user
--

ALTER TABLE ONLY public.users_customuser_groups
    ADD CONSTRAINT users_customuser_gro_customuser_id_958147bf_fk_users_cus FOREIGN KEY (customuser_id) REFERENCES public.users_customuser(id) DEFERRABLE INITIALLY DEFERRED;


--
-- Name: users_customuser_groups users_customuser_groups_group_id_01390b14_fk_auth_group_id; Type: FK CONSTRAINT; Schema: public; Owner: offer_user
--

ALTER TABLE ONLY public.users_customuser_groups
    ADD CONSTRAINT users_customuser_groups_group_id_01390b14_fk_auth_group_id FOREIGN KEY (group_id) REFERENCES public.auth_group(id) DEFERRABLE INITIALLY DEFERRED;


--
-- Name: users_customuser_user_permissions users_customuser_use_customuser_id_5771478b_fk_users_cus; Type: FK CONSTRAINT; Schema: public; Owner: offer_user
--

ALTER TABLE ONLY public.users_customuser_user_permissions
    ADD CONSTRAINT users_customuser_use_customuser_id_5771478b_fk_users_cus FOREIGN KEY (customuser_id) REFERENCES public.users_customuser(id) DEFERRABLE INITIALLY DEFERRED;


--
-- Name: users_customuser_user_permissions users_customuser_use_permission_id_baaa2f74_fk_auth_perm; Type: FK CONSTRAINT; Schema: public; Owner: offer_user
--

ALTER TABLE ONLY public.users_customuser_user_permissions
    ADD CONSTRAINT users_customuser_use_permission_id_baaa2f74_fk_auth_perm FOREIGN KEY (permission_id) REFERENCES public.auth_permission(id) DEFERRABLE INITIALLY DEFERRED;


--
-- Name: users_wishlist users_wishlist_product_id_dcf62154_fk_store_product_id; Type: FK CONSTRAINT; Schema: public; Owner: offer_user
--

ALTER TABLE ONLY public.users_wishlist
    ADD CONSTRAINT users_wishlist_product_id_dcf62154_fk_store_product_id FOREIGN KEY (product_id) REFERENCES public.store_product(id) DEFERRABLE INITIALLY DEFERRED;


--
-- Name: users_wishlist users_wishlist_user_id_6507553e_fk_users_customuser_id; Type: FK CONSTRAINT; Schema: public; Owner: offer_user
--

ALTER TABLE ONLY public.users_wishlist
    ADD CONSTRAINT users_wishlist_user_id_6507553e_fk_users_customuser_id FOREIGN KEY (user_id) REFERENCES public.users_customuser(id) DEFERRABLE INITIALLY DEFERRED;


--
-- PostgreSQL database dump complete
--

